,Daily Returns,Total Returns,Funds,Margin,Portfolio Value,AAPL Position,AAPL Order,AAPL Filled Order,AAPL Trade Price,AAPL Cost to Trade,AAPL PnL,IBM Position,IBM Order,IBM Filled Order,IBM Trade Price,IBM Cost to Trade,IBM PnL,GOOG Position,GOOG Order,GOOG Filled Order,GOOG Trade Price,GOOG Cost to Trade,GOOG PnL,C Position,C Order,C Filled Order,C Trade Price,C Cost to Trade,C PnL
2016-11-04,0.12694825,35.87271785,649731.9485,649861.5,1366052.9285,-1375,-62,-62,108.53,12.121,1268.529,436,59,59,152.4,11.623,12.767,-602,-7,-7,750.66,4.522,-18.592,-1013,-59,-59,48.11,8.7615,6.7785
2016-11-03,0.66319885,35.7457696,646605.386,648528.11,1352576.986,-1313,-29,-29,110.98,4.524,2288.666,377,49,49,152.51,8.9915,121.9085,-595,-7,-7,767.25,7.07,3891.93,-954,-32,-32,48.53,4.096,329.484
2016-11-02,0.87143775,35.08257075,650105.0275,645456.06,1345400.6875,-1284,-12,-12,111.4,3.144,-132.624,328,27,27,152.48,5.6295,-272.7795,-588,0,0,778.2,0.0,8767.08,-922,-34,-34,48.63,5.559,352.701
2016-11-01,0.3040345,34.211133,645102.94,648527.64,1339620.37,-1272,5,5,113.46,0.7575,2607.2425,301,7,7,153.5,1.2495,-270.8195,-588,-14,-14,782.89,10.402,513.338,-888,-36,-36,49.4,4.896,190.584
2016-10-31,0.70933825,33.9070985,642859.845,644109.31,1332154.015,-1277,15,15,113.65,2.82,228.09,294,12,12,152.76,2.556,313.164,-574,-13,-13,795.47,15.535,6202.185,-852,-29,-29,49.74,4.5965,349.9435
2016-10-28,0.10390175,33.19776025,639382.4125,641737.93,1324156.3625,-1292,-2,-2,113.87,0.376,980.324,282,11,11,154.05,2.222,-218.602,-561,1,1,808.35,0.6995,-24.9195,-823,-27,-27,49.98,3.645,302.215
2016-10-27,0.3995201,33.0938585,645651.275,639069.82,1326278.945,-1290,40,40,115.39,8.78,1431.12,271,1,1,152.82,0.234,416.096,-562,0,0,801.0,0.0,2090.64,-796,14,14,50.32,1.995,57.345
2016-10-26,0.80256625,32.6943384,639066.664,645104.08,1325159.444,-1330,-55,-55,114.31,8.3875,3312.7125,270,18,18,150.71,2.997,251.163,-562,-14,-14,806.34,9.478,4805.102,-810,-7,-7,49.27,0.875,-343.315
2016-10-25,0.2240618,31.89177215,638753.9215,637667.36,1314443.0415,-1275,0,0,117.95,0.0,-765.0,252,27,27,150.69,4.212,70.668,-548,9,9,816.68,5.562,2943.428,-803,16,16,49.49,1.888,-8.478
2016-10-24,-0.8928605,31.66771035,649442.1335,638434.38,1321754.7635,-1275,12,12,117.1,1.578,-1346.328,225,16,16,150.4,2.872,196.308,-557,17,17,804.9,6.375,-7753.565,-819,44,44,49.82,5.83,-25.02
2016-10-21,-0.11708525,32.56057085,647990.7685,649011.88,1328275.3185,-1287,-36,-36,116.81,5.49,577.53,209,35,35,150.58,6.79,-368.9,-574,-4,-4,795.0,1.988,-1387.468,-863,-1,-1,49.07,0.1345,7.9855
2016-10-20,0.26130125,32.6776561,650450.241,646707.38,1323522.101,-1251,-14,-14,116.86,4.172,67.248,174,44,44,151.28,7.964,36.396,-570,9,9,803.3,4.0455,2596.5945,-862,9,9,49.46,1.206,-87.226
2016-10-19,-0.3687537,32.41635485,655871.5085,650353.0,1325888.3085,-1237,-27,-27,117.25,3.726,423.284,130,37,37,151.27,9.6385,40.2115,-579,17,17,798.86,15.3425,-3724.2425,-871,0,0,49.11,0.0,-426.79
2016-10-18,-0.97647625,32.78510855,661833.7155,655392.18,1331242.8555,-1210,-8,-8,118.18,1.224,100.616,93,25,25,150.02,4.4375,-262.3375,-596,16,16,787.85,8.28,-9253.32,-871,14,14,49.18,1.911,-349.721
2016-10-17,-0.07788425,33.7615848,666192.288,661270.41,1337987.058,-1202,-25,-25,117.33,3.8,84.86,68,21,21,154.45,3.612,18.148,-612,7,7,779.8,3.4825,-887.5325,-885,-16,-16,48.59,2.848,5.682
2016-10-14,-0.11027765,33.83946905,662361.1905,665688.51,1335308.8505,-1177,-29,-29,117.88,5.394,-744.344,47,23,23,154.47,4.5425,12.5175,-619,2,2,781.65,1.022,-218.402,-869,24,24,49.6,3.768,-152.548
2016-10-13,0.5591838,33.9497467,672630.727,662005.1,1338325.107,-1148,-15,-15,116.79,2.4225,402.6075,24,23,23,153.7,4.4735,-4.5835,-621,12,12,781.22,4.842,4991.148,-893,-3,-3,47.92,0.384,202.666
2016-10-12,-0.2837219,33.3905629,662345.319,672660.93,1335160.539,-1133,-52,-52,117.35,11.674,-1135.394,1,23,23,154.97,5.819,-10.459,-633,-12,-12,783.76,8.22,-1943.25,-890,-37,-37,48.97,5.476,251.884
2016-10-11,0.19625435,33.6742848,671476.548,661233.46,1332710.008,-1081,25,25,117.7,5.0375,-316.5375,-22,10,10,156.73,1.915,50.045,-621,18,18,786.66,13.959,1755.351,-853,-10,-10,49.28,1.295,473.685
2016-10-10,-0.9415184,33.47803045,670385.9345,670878.31,1341264.2445,-1106,-14,-14,115.02,2.135,-2189.635,-32,16,16,156.71,3.872,-63.712,-639,-2,-2,777.71,1.091,-6935.371,-843,-26,-26,49.46,3.536,-226.466
2016-10-07,0.0813066,34.41954885,672117.5685,669045.66,1341163.2285,-1092,-2,-2,114.31,0.321,-185.121,-48,13,13,157.14,2.301,52.399,-637,4,4,779.66,1.388,1121.272,-817,-19,-19,49.0,2.584,-175.484
2016-10-06,-0.14737495,34.33824225,670606.1625,671805.58,1342411.7425,-1090,-17,-17,113.7,2.5245,-907.0745,-61,17,17,156.84,2.6435,13.6365,-641,-2,-2,779.0,0.842,-245.772,-798,-17,-17,48.83,2.4395,-334.5395
2016-10-05,-0.0866858,34.4856172,673761.922,669404.56,1343166.482,-1073,-8,-8,113.4,1.472,-51.922,-78,18,18,157.07,4.239,-63.579,-639,7,7,779.31,2.737,-48.457,-781,0,0,48.01,0.0,-702.9
2016-10-04,-0.34653225,34.572303,672663.32,673645.7,1346309.02,-1065,-16,-16,113.06,2.216,-504.776,-96,15,15,157.67,2.5125,106.9875,-646,1,1,776.03,0.428,-2503.918,-781,-24,-24,47.1,2.976,-563.616
2016-10-03,0.39128425,34.91883525,675541.8925,672311.34,1347853.2325,-1049,-10,-10,112.71,1.785,550.785,-111,20,20,158.06,3.78,149.66,-647,1,1,774.25,0.4425,3062.9075,-757,-5,-5,47.02,0.86,149.49
2016-09-30,-0.3558293,34.527551,671617.01,675563.84,1347180.85,-1039,-36,-36,112.46,7.2,-901.05,-131,17,17,158.9,8.109,-118.479,-648,-9,-9,776.33,6.1065,-1471.6665,-752,-25,-25,46.33,4.9875,-1067.0975
2016-09-29,0.673444,34.8833803,672597.653,670340.48,1342938.133,-1003,-18,-18,113.16,2.889,1758.201,-148,20,20,158.63,4.39,15.45,-639,4,4,781.44,1.768,4184.162,-727,-6,-6,46.8,0.843,776.627
2016-09-28,-0.0536052,34.2099363,673067.783,672100.7,1345168.483,-985,-9,-9,113.69,1.278,-842.978,-168,30,30,156.99,7.44,-269.4,-643,1,1,777.85,0.684,936.826,-721,0,0,46.58,0.0,-360.5
2016-09-27,-0.68026935,34.2635415,675572.365,673085.28,1348657.645,-976,-13,-13,113.0,2.496,-205.896,-198,28,28,154.32,4.2,-566.14,-644,-5,-5,775.5,2.9175,-5663.6675,-721,-41,-41,45.52,5.74,-366.99
2016-09-26,0.89014295,34.94381085,670436.5385,674214.94,1344651.4785,-963,-51,-51,111.64,13.362,-231.642,-226,25,25,154.46,4.1625,234.8375,-639,-9,-9,782.74,3.051,8068.419,-680,-35,-35,46.51,4.585,829.815
2016-09-23,0.21916885,34.0536679,669804.409,669291.26,1339095.669,-912,-17,-17,114.42,2.499,1736.021,-251,20,20,155.62,3.53,289.9,-630,5,5,786.59,3.3525,195.0475,-645,-16,-16,47.02,2.04,-29.28
2016-09-22,-0.82802165,33.83449905,673713.0205,669516.61,1343229.6305,-895,-6,-6,114.35,1.065,-953.915,-271,23,23,156.15,4.3815,-175.8215,-635,9,9,780.0,4.887,-7017.557,-629,-14,-14,46.99,2.093,-132.923
2016-09-21,-0.36337635,34.6625207,675517.697,673254.23,1348771.927,-889,-5,-5,113.85,0.9025,18.2775,-294,20,20,154.91,4.12,-330.84,-644,4,4,772.66,1.36,-3104.0,-615,-13,-13,47.0,1.781,-217.201
2016-09-20,-0.3575414,35.02589705,676023.9905,675509.46,1351533.4505,-884,-41,-41,113.05,10.1065,-22.9965,-314,23,23,155.87,4.186,104.694,-648,-3,-3,769.0,1.734,-3691.914,-602,-15,-15,47.04,2.0475,34.8025
2016-09-19,0.27047505,35.38343845,673251.9445,674873.2,1348125.1445,-843,-22,-22,115.19,4.499,1131.061,-337,19,19,154.87,3.7335,-370.4135,-645,1,1,772.42,0.3545,2047.2055,-587,-31,-31,46.62,3.9525,-103.1025
2016-09-16,0.341269,35.1129634,676994.714,672875.86,1349870.574,-821,-8,-8,115.12,1.696,528.354,-356,20,20,155.04,5.12,655.2,-646,11,11,769.75,8.712,1873.878,-556,-28,-28,46.6,3.822,355.258
2016-09-15,-1.00316325,34.7716944,679132.654,676487.71,1355620.364,-813,22,22,113.86,7.073,-3142.453,-376,16,16,154.3,3.584,-612.944,-657,7,7,762.89,3.6995,-6096.8895,-528,-37,-37,46.75,5.106,-179.346
2016-09-14,-0.42840235,35.77485765,682255.7765,679227.98,1361483.7565,-835,1,1,108.73,0.1775,-3190.6575,-392,10,10,155.7,2.215,688.805,-664,-1,-1,759.61,0.621,-1859.901,-491,-35,-35,46.89,4.69,77.73
2016-09-13,0.5396344,36.20326,677019.89,681482.26,1358502.15,-836,29,29,107.51,7.5255,-2165.9155,-402,15,15,157.63,4.2675,1002.5925,-663,4,4,764.48,3.658,6200.292,-456,-35,-35,46.9,6.195,359.375
2016-09-12,-0.9605723,35.6636256,693219.076,676842.82,1370061.896,-865,7,7,102.65,1.6065,-1996.3965,-417,21,21,155.26,4.9875,-1080.1575,-667,-1,-1,755.13,0.779,-6248.429,-421,-29,-29,46.64,4.35,-280.74
2016-09-09,1.3930327,36.6241979,664534.519,692126.62,1356661.139,-872,-50,-50,104.64,10.075,2030.005,-438,-5,-5,158.03,1.1125,1443.8175,-666,-38,-38,770.1,16.663,10214.537,-392,-39,-39,47.9,5.3625,241.9675
2016-09-08,0.658558,35.2311652,684895.822,663385.55,1348281.372,-822,3,3,107.25,0.5535,2337.2565,-433,35,35,160.55,6.58,1174.69,-628,19,19,778.59,8.1035,3184.1765,-353,-7,-7,47.46,0.973,-110.543
2016-09-07,-0.14192155,34.5726072,662383.782,684850.67,1347234.452,-825,-44,-44,107.83,6.138,-544.918,-468,5,5,160.19,0.9375,-603.8575,-647,-17,-17,780.0,11.05,-187.1,-346,-40,-40,47.0,6.0,-83.34
2016-09-06,-0.58085045,34.71452875,689616.2775,661704.7,1351320.9775,-781,17,17,107.9,2.703,17.837,-473,38,38,159.88,6.498,-397.438,-630,27,27,773.45,10.1385,-5494.4685,-306,-13,-13,47.51,1.755,65.565
2016-09-02,-0.24890345,35.2953792,662365.332,689428.35,1351793.682,-798,-40,-40,107.7,6.36,-765.56,-511,0,0,159.88,0.0,-5.11000000001,-657,-23,-23,773.01,10.028,-1673.498,-293,-39,-39,47.5,6.3765,-44.8665
2016-09-01,-0.18884175,35.54428265,694892.2265,661206.42,1356098.6465,-758,26,26,106.14,3.809,-482.389,-511,43,43,158.32,7.31,-320.49,-634,34,34,769.25,9.707,-1181.327,-254,-11,-11,47.82,1.6115,95.7885
2016-08-31,0.1493548,35.7331244,661911.304,695306.04,1357217.344,-784,-54,-54,105.66,8.1,-104.86,-554,-11,-11,159.66,1.837,289.103,-668,-35,-35,767.01,16.8525,1273.0675,-243,-35,-35,47.96,4.7425,36.2375
2016-08-30,0.26502035,35.5837696,694986.406,660791.33,1355777.736,-730,22,22,105.8,3.465,617.575,-543,57,57,159.76,10.5735,160.9065,-633,30,30,769.33,15.555,2006.025,-208,-7,-7,47.22,0.903,-134.303
2016-08-29,-0.2593683,35.31874925,661510.7425,694636.05,1356146.7925,-752,-52,-52,106.62,9.464,64.136,-600,5,5,158.83,1.1475,-843.6975,-663,-37,-37,768.74,22.6255,-1782.6555,-201,-28,-28,47.19,3.556,-31.466
2016-08-26,0.04469315,35.57811755,694694.8655,660804.99,1355499.8555,-700,22,22,107.41,3.52,441.0,-605,72,72,158.88,11.232,158.318,-626,28,28,769.0,14.994,-84.894,-173,-3,-3,46.83,0.3525,-67.4925
2016-08-25,0.05806615,35.5334244,662122.274,694703.28,1356825.554,-722,-61,-61,107.39,9.3635,283.7165,-677,-3,-3,159.0,0.579,283.611,-654,-38,-38,767.0,17.917,32.183,-170,-31,-31,46.51,3.999,-18.849
2016-08-24,0.2892109,35.47535825,692579.3525,660682.87,1353262.2225,-661,7,7,108.56,0.9765,543.0735,-674,63,63,159.89,9.7965,829.0535,-616,24,24,770.58,7.992,1531.048,-139,-16,-16,46.63,1.976,-11.066
2016-08-23,-0.0265769,35.18614735,656992.2035,692777.23,1349769.4335,-668,-63,-63,108.59,10.2375,-232.3175,-737,-4,-4,160.33,0.688,-190.988,-640,-33,-33,775.48,10.7085,143.9815,-123,-43,-43,46.9,5.375,13.555
2016-08-22,0.2559,35.21272425,695026.0625,656228.79,1351254.8525,-605,6,6,108.86,0.999,516.251,-733,85,85,160.0,14.4075,18.3125,-607,32,32,773.27,9.552,2044.138,-80,-39,-39,46.42,5.0115,-19.7015
2016-08-19,0.2059725,34.95682425,654399.9725,695150.53,1349550.5025,-611,-67,-67,108.77,8.643,-200.493,-818,-1,-1,160.84,0.178,1079.062,-639,-46,-46,775.0,18.078,1196.042,-41,-48,-48,46.34,5.976,-14.886
2016-08-18,0.0658099,34.75085175,692582.7975,653414.18,1346322.4775,-544,-4,-4,109.23,0.606,75.594,-817,107,107,160.89,17.762,-817.552,-593,31,31,780.01,14.384,1411.646,7,-59,-59,46.57,7.139,-11.589
2016-08-17,-0.14680555,34.68504185,652266.1185,692697.96,1348041.6585,-540,-80,-80,109.1,12.08,51.92,-924,8,8,160.97,1.296,236.784,-624,-46,-46,777.32,21.942,-1742.142,66,-63,-63,46.51,8.3475,-14.6175
2016-08-16,0.4331896,34.8318474,688383.174,651597.72,1345994.874,-460,-18,-18,109.63,3.114,45.586,-932,128,128,161.11,20.416,1177.904,-578,20,20,780.3,9.38,3096.82,129,-66,-66,46.25,8.844,11.586
2016-08-15,0.010971,34.3986578,645573.848,688624.38,1343244.278,-442,-86,-86,108.14,11.438,-589.478,-1060,31,31,162.4,6.107,54.143,-598,-50,-50,783.75,12.5,480.44,195,-55,-55,45.82,6.545,164.605
2016-08-12,0.2482904,34.3876868,687542.018,644671.97,1343608.988,-356,-61,-61,107.78,9.394,-107.544,-1091,224,224,163.19,53.424,1746.516,-548,15,15,781.5,6.585,936.905,250,-123,-123,45.41,16.113,-92.973
2016-08-11,-0.18686255,34.1393964,638434.224,687327.15,1342818.664,-295,-147,-147,108.52,23.079,74.011,-1315,112,112,162.25,15.12,-1940.91,-563,-65,-65,785.0,19.5975,-94.5075,373,-178,-178,45.51,22.339,92.781
2016-08-10,-0.12843575,34.32625895,680579.0195,637841.71,1343463.6795,-148,-253,-253,108.71,37.0645,57.5155,-1427,505,505,162.19,79.0325,-733.5025,-498,-29,-29,783.75,15.0365,-238.9865,551,-547,-547,45.8,66.734,-369.384
2016-08-09,-0.1200188,34.4546947,603591.397,679744.94,1345159.587,105,-413,-413,108.23,66.2865,-77.9065,-1932,389,389,162.22,71.7705,379.8495,-469,-181,-181,781.1,59.187,-1351.147,1098,-591,-591,45.95,79.194,-150.984
2016-08-08,0.46778855,34.5747135,607402.095,602912.33,1344076.525,518,-717,-717,107.52,124.3995,365.3005,-2321,1074,1074,162.73,211.578,4004.062,-288,-215,-215,782.0,136.525,-51.345,1689,-892,-892,45.83,143.612,359.868
2016-08-05,0.00793865,34.10692495,489560.8095,606475.94,1346777.8695,1235,-288,-288,106.27,39.168,2064.382,-3395,-360,-360,162.0,64.44,-6522.69,-73,-317,-317,773.78,115.2295,-201.8695,2581,124,124,44.63,14.756,4739.564
2016-08-04,-0.33423095,34.0989863,397646.183,488210.1,1343084.013,1523,-31,-31,105.58,4.7585,110.5715,-3035,-554,-554,160.86,84.762,-2650.302,244,-214,-214,772.22,89.773,-678.293,2457,359,359,43.74,55.286,-124.286
2016-08-03,0.36837015,34.43321725,337794.0625,397282.53,1345671.9125,1554,-21,-21,104.81,4.2735,2038.3965,-2481,-392,-392,160.13,60.564,-460.254,458,-164,-164,767.18,81.918,246.502,2098,302,302,42.93,47.263,1859.057
2016-08-02,-0.33321285,34.0648471,280942.451,336893.03,1339207.061,1575,-34,-34,106.05,6.358,-2479.108,-2089,-345,-345,161.27,65.7225,1689.6075,622,-125,-125,768.69,133.375,-1782.945,1796,247,247,43.23,34.333,-759.683
2016-08-01,0.3332772,34.39805995,249968.8095,280173.6,1345375.7995,1609,-42,-42,104.41,6.027,2962.933,-1744,-201,-201,160.65,36.582,-1478.072,747,-71,-71,761.09,48.919,2459.611,1549,33,33,43.92,3.96,-611.7
2016-07-29,2.0481623,34.06478275,223190.6375,248978.48,1339506.0075,1651,-77,-77,104.19,13.9755,-240.1555,-1543,-167,-167,161.36,25.885,1129.695,818,-49,-49,772.71,27.8075,20001.2325,1516,2,2,43.87,0.249,-409.149
2016-07-28,0.63926165,32.01662045,204352.9545,222058.88,1320152.4445,1728,-40,-40,102.83,7.2,2389.92,-1376,-121,-121,161.38,20.5095,558.0005,867,-39,-39,747.04,18.447,3776.463,1514,-33,-33,44.0,4.257,-331.767
2016-07-27,1.55763705,31.3773588,187373.188,203460.6,1313409.638,1768,-121,-121,104.26,21.4775,11999.9525,-1255,-110,-110,162.12,23.265,340.685,906,-22,-22,738.28,10.362,3021.658,1547,15,15,44.2,1.755,214.075
2016-07-26,-0.1775829,29.81972175,175854.9275,186234.25,1297590.3675,1889,32,32,96.82,6.272,-1255.262,-1145,-63,-63,162.65,9.8595,596.9905,928,-30,-30,739.04,10.665,-1285.365,1532,57,57,43.93,6.9825,167.8075
2016-07-25,-0.6358374,29.99730465,170973.3065,175284.0,1300676.3465,1857,11,11,98.25,1.6445,-2448.3745,-1082,-24,-24,162.0,4.428,-633.668,958,-16,-16,740.67,6.944,-2885.324,1475,55,55,44.31,6.9575,-391.0075
2016-07-22,0.1145786,30.63314205,169129.8805,170105.24,1307696.2405,1846,-9,-9,99.26,1.7415,-1424.6915,-1058,-10,-10,160.78,1.98,-1712.64,974,-17,-17,741.86,6.681,4051.369,1420,97,97,44.1,12.5615,231.7485
2016-07-21,-0.3094384,30.51856345,161596.2645,168466.0,1304871.2345,1855,21,21,99.83,2.856,-983.276,-1048,-41,-41,160.75,8.4255,920.2445,991,-25,-25,740.36,8.7875,-2566.4975,1323,97,97,44.5,12.125,-464.855
2016-07-20,0.27814685,30.82800185,157694.0585,161089.79,1309679.7485,1834,6,6,100.0,0.798,163.482,-1007,-40,-40,159.97,12.5,-1789.36,1016,-15,-15,737.33,7.4925,4295.7375,1226,114,114,44.53,14.991,111.609
2016-07-19,0.3389694,30.549855,155244.57,156441.26,1303371.15,1828,-32,-32,99.56,5.648,58.832,-967,-2,-2,161.78,0.402,274.198,1031,0,0,729.89,0.0,3278.58,1112,92,92,44.19,12.236,-221.916
2016-07-18,1.6406401,30.2108856,161252.376,153724.5,1302649.256,1860,-90,-90,98.7,12.6,1933.2,-965,35,35,159.3,6.09,-66.49,1031,16,16,722.71,6.944,14309.126,1020,130,130,44.28,20.735,230.565
2016-07-15,-0.09298275,28.5702455,162960.005,159900.0,1285582.455,1950,-104,-104,98.92,19.084,-25.064,-1000,20,20,159.9,4.82,502.78,1015,24,24,725.73,7.416,-1238.636,890,91,91,45.0,12.0575,-168.9075
2016-07-14,0.61851525,28.66322825,173253.8225,161986.2,1288131.6825,2054,-50,-50,97.39,7.075,3962.605,-1020,70,70,158.81,11.48,-2371.98,991,23,23,721.58,10.5225,3817.9475,799,100,100,44.38,13.3,776.58
2016-07-13,-0.59507375,28.044713,180655.14,171947.5,1280741.43,2104,-18,-18,97.41,2.322,-1159.702,-1090,62,62,157.75,11.16,-1123.38,968,13,13,723.62,5.8695,-3587.4895,699,126,126,43.33,17.136,-80.166
2016-07-12,0.47344515,28.63978675,188056.3875,179712.0,1287595.9475,2122,32,32,97.17,4.672,922.928,-1152,54,54,156.0,9.558,-2015.658,955,5,5,719.12,2.8175,5277.2825,573,167,167,42.82,20.541,549.899
2016-07-11,0.84810835,28.1663416,196902.756,186447.6,1282543.796,2090,6,6,96.75,0.852,625.728,-1206,66,66,154.6,11.616,-1070.076,950,21,21,708.05,11.8335,8924.3465,406,230,230,42.39,30.475,1.085
2016-07-08,0.84000365,27.31823325,213479.5825,195888.0,1273767.4525,2084,-65,-65,96.49,9.36,1568.55,-1272,99,99,154.0,18.81,-2523.33,929,30,30,699.5,17.97,9398.66,176,251,251,41.8,37.2735,-43.8435
2016-07-07,-0.17468485,26.4782296,220749.946,212520.0,1264573.646,2149,36,36,95.7,5.922,869.048,-1371,-9,-9,152.75,2.0205,-313.9305,899,23,23,698.08,16.7785,-2190.4985,-75,223,223,41.33,34.0075,-111.4675
2016-07-06,0.31777,26.65291445,235622.7545,218784.4,1267508.5645,2113,-22,-22,94.6,3.234,1129.206,-1362,43,43,151.85,6.966,-954.056,876,26,26,689.98,13.078,2977.462,-298,228,228,40.15,35.112,25.088
2016-07-05,-0.41624485,26.33514445,236416.3145,234187.83,1263724.2945,2135,19,19,95.39,2.9735,-1914.9735,-1405,-54,-54,151.19,9.639,869.071,850,20,20,696.06,10.52,-3959.52,-526,171,171,41.38,23.256,842.974
2016-07-01,0.582028,26.7513893,249300.113,235091.79,1267639.443,2116,-33,-33,95.49,5.7255,604.2845,-1351,52,52,152.19,13.624,-805.014,830,31,31,692.2,16.5385,5881.6615,-697,212,212,42.3,33.072,139.348
2016-06-30,0.3834429,26.1693613,259447.763,247646.7,1265526.763,2149,-24,-24,94.44,3.504,2576.256,-1403,66,66,148.86,13.299,-4697.659,799,47,47,685.47,18.847,6301.243,-909,138,138,42.68,22.701,-345.411
2016-06-29,-0.1536629,25.7859184,283900.484,258282.08,1261764.484,2173,-57,-57,93.97,10.032,1771.758,-1469,138,138,146.5,24.219,-4189.059,752,72,72,683.0,33.588,2813.932,-1047,200,200,41.14,34.3,-1933.26
2016-06-28,0.4076626,25.9395813,308222.433,282304.53,1261659.863,2230,-61,-61,92.9,10.8275,3498.1325,-1607,91,91,144.78,27.755,-3679.635,680,86,86,678.97,47.386,7041.954,-1247,227,227,39.81,37.7955,-2783.8255
2016-06-27,0.0970456,25.5319187,334782.507,306554.56,1249147.147,2291,-107,-107,93.0,21.4535,-3180.0135,-1698,80,80,146.18,25.72,5253.9,594,79,79,671.0,70.9025,-3871.7625,-1474,152,152,39.58,23.788,2768.332
2016-06-24,0.38162195,25.4348731,343379.971,332711.04,1247802.511,2398,27,27,92.91,4.104,-6392.574,-1778,-4,-4,149.97,0.976,15552.784,515,69,69,675.17,58.4775,-11940.9275,-1626,-42,-42,40.63,6.363,6596.937
2016-06-23,-0.4212286,25.05325115,373380.6515,341140.14,1255407.9115,2371,-80,-80,95.94,14.16,1321.09,-1774,136,136,153.45,30.192,-4413.092,446,77,77,697.45,37.653,1929.977,-1584,238,238,43.51,33.201,-3050.261
2016-06-22,0.20564785,25.47447975,389485.8875,371771.64,1252813.3175,2451,-75,-75,96.25,13.7625,-870.6225,-1910,56,56,153.75,8.064,2167.036,369,60,60,699.06,38.28,335.4,-1822,145,145,42.87,19.865,424.665
2016-06-21,0.11832055,25.2688319,406672.239,387993.95,1251980.309,2526,-22,-22,94.94,3.894,2038.646,-1966,88,88,154.16,18.26,-931.7,309,57,57,698.4,31.5495,390.1905,-1967,146,146,43.17,23.871,-313.931
2016-06-20,-0.47423925,25.15051135,429783.9735,405271.38,1252185.0735,2548,-79,-79,96.0,13.2325,-546.3425,-2054,116,116,152.6,23.896,-3422.136,252,38,38,698.77,42.503,191.077,-2113,258,258,43.46,35.991,-964.991
2016-06-17,-1.2817719,25.6247506,431909.016,428208.44,1258577.446,2627,-6,-6,96.62,1.104,-5838.624,-2170,-13,-13,150.96,2.795,-2022.195,214,-10,-10,708.65,7.695,-4013.755,-2371,190,190,42.44,28.785,-943.145
2016-06-16,-0.20519355,26.9065225,425755.095,430523.04,1272247.925,2633,110,110,96.45,18.59,1136.84,-2157,-83,-83,150.19,13.2385,-873.5685,224,-30,-30,714.91,11.505,-2049.245,-2561,62,62,41.61,9.052,-265.962
2016-06-15,-0.000891199999999,27.11171605,415967.9305,425080.94,1268738.7705,2523,58,58,97.82,10.817,-839.057,-2074,-85,-85,151.46,14.4075,807.7125,254,-29,-29,719.0,16.4575,169.8125,-2623,30,30,42.3,6.03,-147.38
2016-06-14,0.373078,27.11260725,409232.9025,415081.04,1267823.2525,2465,92,92,97.32,18.492,279.148,-1989,-59,-59,151.28,12.449,425.131,283,-54,-54,716.48,29.511,-156.501,-2653,23,23,43.04,3.358,3183.002
2016-06-13,-0.0280285,26.73952925,385127.9525,408329.38,1266532.4725,2373,172,172,98.69,24.682,-3536.372,-1930,-142,-142,151.63,24.637,1973.983,337,-62,-62,716.51,35.526,-569.176,-2676,-160,-160,43.23,21.76,1851.28
2016-06-10,-0.11427305,26.76755775,376852.4375,384571.84,1265993.6975,2201,117,117,98.53,20.6505,-1694.4305,-1788,-44,-44,152.79,6.666,1843.014,399,-36,-36,719.47,16.56,-4003.35,-2516,-93,-93,44.27,11.904,2712.036
2016-06-09,0.3772101,26.8818308,368511.878,376163.62,1269278.398,2084,201,201,98.5,28.944,1539.136,-1744,-51,-51,152.92,7.7775,948.6625,435,-25,-25,722.87,12.4875,-17.2375,-2423,-61,-61,45.18,7.93,1301.54
2016-06-08,0.3925755,26.5046207,377368.007,367350.05,1266030.877,1883,126,126,99.02,18.333,-186.543,-1693,41,41,153.53,6.7035,-1149.2135,460,5,5,723.96,1.8575,5311.3925,-2362,38,38,45.48,4.921,-49.881
2016-06-07,-0.00916535,26.1120452,383548.132,376335.54,1259955.132,1757,133,133,99.25,42.161,578.179,-1734,25,25,153.31,4.5125,-1059.4125,455,26,26,719.84,15.99,-56.03,-2400,76,76,46.04,11.59,445.61
2016-06-06,-0.2203592,26.12121055,412199.4455,381670.95,1261445.4655,1624,35,35,97.99,4.935,1145.655,-1759,142,142,153.09,23.714,229.326,429,62,62,724.91,33.883,-2677.133,-2476,208,208,45.39,34.84,-901.44
2016-06-03,0.29491725,26.34156975,433617.4075,410787.64,1265098.7075,1589,75,75,97.79,12.0375,300.5125,-1901,90,90,152.4,15.21,1243.4,367,46,46,729.27,24.955,-2930.995,-2684,55,55,45.11,6.765,4336.255
2016-06-02,-0.42919005,26.0466525,448016.915,432156.23,1262579.625,1514,96,96,97.6,15.408,-1053.208,-1991,60,60,152.59,11.19,-1987.08,321,39,39,732.5,16.6725,-1156.0725,-2739,140,140,46.86,24.57,-95.54
2016-06-01,-0.0749253,26.47584255,473345.7955,446352.16,1266344.5355,1418,109,109,99.02,19.511,-1913.151,-2051,146,146,153.0,25.842,2604.928,282,77,77,734.53,40.3095,-391.4195,-2879,39,39,46.04,5.0505,-1049.6105
2016-05-31,-0.19389025,26.55076785,513686.0585,471970.16,1267195.5585,1309,102,102,99.6,16.473,-581.383,-2197,216,216,152.56,30.024,-1946.844,205,70,70,731.74,41.79,649.91,-2918,209,209,46.88,27.0655,-60.5855
2016-05-27,-0.1263537,26.7446581,537447.551,512213.03,1269692.131,1207,187,187,99.44,38.2415,70.7285,-2413,146,146,152.35,25.258,-977.318,135,80,80,724.01,40.2,1121.5,-3127,31,31,46.24,4.7275,-1478.4475
2016-05-26,0.149566,26.8710118,589437.118,536368.77,1268050.688,1020,180,180,99.68,32.67,762.33,-2559,221,221,151.55,61.7695,-1950.0795,55,85,85,722.87,41.6925,99.0575,-3158,136,136,47.04,23.188,2584.352
2016-05-25,-1.19077585,26.7214458,606014.198,587798.06,1277493.058,840,228,228,98.67,37.05,1232.19,-2780,-19,-19,148.93,3.6765,-9388.2965,-30,56,56,720.76,45.108,-238.028,-3294,-236,-236,46.19,33.984,-3513.624
2016-05-24,-0.7372607,27.91222165,620235.4665,605311.74,1285462.0065,612,229,229,97.22,40.304,678.426,-2761,-123,-123,146.88,20.2335,-4258.6435,-86,65,65,706.86,30.225,-1563.625,-3058,-309,-309,45.45,40.3245,-2228.7645
2016-05-23,0.18739155,28.64948235,628341.3035,619373.86,1284647.8535,383,195,195,95.87,28.3725,308.3075,-2638,-27,-27,147.61,5.346,1270.614,-151,44,44,706.53,35.332,936.408,-2749,-328,-328,44.85,47.724,-641.414
2016-05-20,-0.7432087,28.4620908,643838.438,627226.53,1288966.328,188,196,196,94.64,30.086,75.434,-2611,-88,-88,145.71,21.868,-6010.748,-195,56,56,701.62,31.36,-1941.06,-2421,-302,-302,45.42,51.793,444.287
2016-05-19,0.9091617,29.2052995,643237.605,643244.92,1286482.525,-8,201,201,94.64,33.366,-46.566,-2523,-229,-229,146.48,47.632,5835.858,-251,36,36,702.36,23.346,1714.184,-2119,-262,-262,45.6,57.509,1588.141
2016-05-18,-0.3027867,28.2961378,643974.698,642365.54,1286340.238,-209,167,167,94.16,30.8115,-366.3315,-2294,-138,-138,147.99,29.049,1483.611,-287,13,13,703.67,12.6165,-94.1365,-1857,-205,-205,43.75,31.57,-4051.01
2016-05-17,0.52444335,28.5989245,637898.485,643196.2,1281094.685,-376,150,150,94.55,35.55,10.59,-2156,-81,-81,149.21,18.4275,3109.0825,-300,10,10,715.99,7.415,3075.585,-1652,-203,-203,43.07,25.984,-950.824
2016-05-16,-0.75321635,28.07448115,650356.2815,637267.58,1287623.8615,-526,152,152,92.39,27.892,-2079.492,-2075,-78,-78,147.65,17.316,-3633.276,-310,21,21,709.13,9.87,-1728.77,-1449,-183,-183,43.11,32.6655,-90.6255
2016-05-13,0.39973795,28.8276975,635546.085,649481.14,1285027.225,-678,64,64,90.0,16.992,-117.272,-1997,-114,-114,148.79,24.396,2206.544,-331,1,1,711.93,0.6125,821.6475,-1266,-212,-212,43.98,36.04,1086.46
2016-05-12,0.29361715,28.42795955,644600.6155,635085.95,1279686.5655,-742,94,94,92.72,14.617,1575.783,-1883,-41,-41,149.21,8.9175,208.8725,-332,12,12,717.06,8.208,627.912,-1054,-126,-126,44.84,18.396,523.604
2016-05-11,0.5623227,28.1343424,631950.364,644212.62,1276162.984,-836,58,58,93.48,10.034,747.246,-1842,-34,-34,149.71,7.31,1862.69,-344,-3,-3,723.41,1.467,2713.383,-928,-136,-136,44.66,18.972,299.908
2016-05-10,-0.9730791,27.5720197,650533.157,630983.97,1281517.127,-894,90,90,93.33,14.31,-626.13,-1808,68,68,148.24,10.846,-4827.086,-341,10,10,716.75,5.355,-3549.335,-792,-80,-80,44.34,11.84,-728.24
2016-05-09,-0.0454735,28.5450988,634527.928,650057.92,1284585.848,-984,27,27,93.0,4.86,-81.3,-1876,-23,-23,147.7,6.325,-90.695,-351,0,0,712.0,0.0,-624.78,-712,-120,-120,44.31,16.2,342.04
2016-05-06,-0.44873195,28.5905723,660688.753,633889.55,1294578.303,-1011,73,73,93.37,12.3735,503.8565,-1853,12,12,144.86,2.31,-1502.45,-351,28,28,698.38,12.04,-3327.83,-592,-96,-96,43.81,14.016,-160.896
2016-05-05,-0.49308795,29.03930425,630947.9425,660731.93,1291679.8725,-1084,-47,-47,94.0,9.588,1011.282,-1865,-105,-105,145.95,19.3725,-3981.1725,-379,0,0,697.7,0.0,-2171.67,-496,-113,-113,44.78,16.159,210.681
2016-05-04,-0.0106405,29.5323922,667812.532,629920.75,1297733.282,-1037,79,79,95.2,16.037,1009.013,-1760,40,40,143.36,8.0,-188.4,-379,34,34,690.49,13.328,-1215.608,-383,-72,-72,44.88,10.26,288.59
2016-05-03,0.28207985,29.5430327,626124.197,667538.98,1293663.177,-1116,-48,-48,94.2,8.832,-1700.592,-1800,-171,-171,144.65,39.0735,1906.9065,-413,-17,-17,696.87,9.894,2383.376,-311,-108,-108,45.77,15.822,231.108
2016-05-02,-0.12445925,29.26095285,665619.8385,624804.62,1290424.4585,-1068,84,84,93.96,17.682,70.638,-1629,61,61,146.56,15.7075,1037.9025,-396,43,43,697.63,22.833,-2280.693,-203,-73,-73,46.54,10.22,-72.44
2016-04-29,0.20251575,29.3854121,628510.031,665109.48,1293619.511,-1152,-93,-93,93.99,26.1795,1151.3805,-1690,-171,-171,146.49,46.683,1763.837,-439,-23,-23,690.7,30.613,-911.583,-130,-103,-103,46.52,15.347,21.523
2016-04-28,1.4395809,29.18289635,650901.8335,626738.73,1277640.5635,-1059,73,73,97.61,18.3595,3163.3805,-1519,43,43,149.75,8.1915,5187.3685,-416,20,20,708.26,18.61,6098.11,-27,-100,-100,46.79,15.25,-53.05
2016-04-27,0.4839519,27.74331545,626820.4045,650335.14,1280610.6345,-1132,-157,-157,96.0,26.6115,6054.3985,-1562,-73,-73,149.35,14.1985,-2165.6685,-436,-19,-19,707.29,23.503,963.147,73,-84,-84,46.89,11.508,-12.358
2016-04-26,0.65669035,27.25936355,633910.2055,625152.24,1266457.1455,-975,-17,-17,103.91,2.669,689.191,-1489,35,35,148.65,6.6325,-403.0625,-417,12,12,725.42,6.204,6225.726,157,-78,-78,46.71,10.881,55.049
2016-04-25,-0.19840115,26.6026732,625553.532,633592.74,1270118.422,-958,-35,-35,105.0,6.755,544.245,-1524,-12,-12,148.16,3.3,-479.82,-429,-14,-14,716.1,17.157,-1933.557,235,-103,-103,46.63,14.0595,-114.8795
2016-04-22,1.7086806,26.80107435,623915.0535,624292.01,1264082.9235,-923,-8,-8,105.01,1.364,258.626,-1512,114,114,149.44,32.262,1161.378,-415,-36,-36,726.3,23.22,15548.09,338,-138,-138,46.69,18.768,118.712
2016-04-21,-0.66716155,25.09239375,611242.6475,622469.05,1255893.2975,-915,1,1,106.93,0.2015,1061.3985,-1626,119,119,146.58,30.94,-5273.81,-379,-35,-35,755.38,17.71,-2374.99,476,-174,-174,46.79,26.274,-84.214
2016-04-20,-0.2715965,25.7595553,618959.983,610133.04,1259474.023,-916,21,21,106.64,3.9585,-199.8085,-1745,157,157,144.24,49.769,-3769.399,-344,-35,-35,758.0,39.4975,536.3925,650,-186,-186,45.74,25.11,716.85
2016-04-19,2.12233655,26.0311518,594295.698,617448.09,1249890.468,-937,-12,-12,107.88,2.406,536.484,-1902,-2,-2,146.47,0.365,16211.575,-309,-41,-41,769.51,26.1375,4010.8825,836,-188,-188,45.42,28.576,464.424
2016-04-18,-0.13634865,23.90881525,601869.9325,592851.53,1240914.1025,-925,-11,-11,108.89,2.5135,2179.1765,-1900,199,199,151.75,31.243,-1576.213,-268,-28,-28,760.46,14.434,-2013.034,1024,-212,-212,44.42,41.976,46.584
2016-04-15,-0.01765765,24.0451639,585040.299,600456.7,1241018.119,-914,-46,-46,112.11,7.038,2049.922,-2099,83,83,151.04,18.177,-1183.657,-240,-32,-32,753.98,10.576,-1377.616,1236,-313,-313,46.45,51.1755,334.7745
2016-04-14,0.0729171,24.06282155,586167.2355,584293.24,1240134.4955,-868,-23,-23,111.62,4.071,-65.811,-2182,202,202,151.5,36.36,61.84,-208,-32,-32,754.01,19.392,-253.952,1549,-468,-468,44.14,92.196,987.094
2016-04-13,-0.1587496,23.98990445,568423.3145,584866.16,1242541.7245,-845,-49,-49,110.8,9.408,-1343.768,-2384,318,318,150.75,56.127,-4226.687,-176,-73,-73,749.16,54.093,-1129.863,2017,-734,-734,42.55,104.228,5112.822
2016-04-12,-0.0806735,24.14865405,560378.6905,567294.86,1242940.4505,-796,-101,-101,109.34,19.089,-1117.089,-2702,319,319,149.61,75.4435,-1217.0435,-103,-63,-63,738.0,34.4925,-634.7625,2751,-819,-819,41.28,114.66,2162.16
2016-04-11,0.2713354,24.22932755,532811.2055,559390.41,1239000.0155,-695,-203,-203,108.97,36.54,-223.81,-3021,186,186,150.26,35.991,96.849,-40,-96,-96,743.02,57.12,436.4,3570,-670,-670,40.74,97.485,2403.915
2016-04-08,-0.21660915,23.95799215,495782.6115,531619.14,1240386.9515,-492,-280,-280,108.91,60.2,-15.64,-3207,-43,-43,149.06,7.74,-3500.61,56,-123,-123,743.97,78.228,312.362,4240,-459,-459,40.86,81.0135,1037.7965
2016-04-07,-0.3360823,24.1746013,422146.883,494966.88,1238852.613,-212,-350,-350,109.95,66.15,93.39,-3164,-351,-351,149.07,76.167,5190.663,179,-129,-129,745.37,81.786,-1091.456,4699,-118,-118,41.3,15.93,-7553.42
2016-04-06,0.3987342,24.5106836,377151.076,421668.7,1245444.396,138,-260,-260,110.23,43.03,224.87,-2813,-330,-330,149.9,65.175,-154.435,308,-78,-78,735.77,36.777,2235.003,4817,-34,-34,41.53,4.726,1681.904
2016-04-05,-0.2344072,24.1119494,331707.924,376000.69,1237568.804,398,-262,-262,109.51,51.352,-994.552,-2483,-312,-312,151.43,56.316,4883.814,386,-88,-88,738.0,54.428,-3587.088,4851,46,46,41.45,6.256,-2646.246
2016-04-04,-0.25718445,24.3463566,283442.296,330730.14,1242877.396,660,-214,-214,110.42,40.66,797.16,-2171,-295,-295,152.34,69.4725,854.3775,474,-81,-81,750.06,62.127,-2239.857,4805,-49,-49,42.36,8.085,-1983.525
2016-04-01,0.4253327,24.60354105,248968.7205,282356.76,1249806.1705,874,-191,-191,108.78,28.841,805.049,-1876,-221,-221,150.51,63.427,-2278.487,555,-65,-65,738.6,38.7075,2301.3425,4854,-189,-189,41.52,25.9875,3425.4225
2016-03-31,-0.96043535,24.17820835,208138.3335,247902.45,1244529.3835,1065,-182,-182,109.72,34.762,-612.692,-1655,-277,-277,149.79,56.6465,-4705.5865,620,-86,-86,749.25,47.902,-3617.582,5043,-69,-69,41.83,9.453,-668.493
2016-03-30,0.9147757,25.1386437,162047.157,206631.1,1249264.317,1247,-196,-196,108.65,48.118,2486.362,-1378,-292,-292,149.95,62.196,1386.604,706,-90,-90,750.1,92.205,4454.055,5112,-22,-22,41.98,2.904,820.736
2016-03-29,1.01559495,24.223868,121435.94,160282.74,1244128.32,1443,-147,-147,104.89,23.0055,3525.9645,-1086,-270,-270,147.59,46.17,-1274.85,796,-70,-70,734.59,29.715,8991.525,5134,-226,-226,41.78,28.25,-1086.69
2016-03-28,-0.27959385,23.20827305,84868.8505,120564.0,1232613.1305,1590,-136,-136,106.0,22.848,-741.168,-816,-239,-239,147.75,68.4735,-483.4735,866,-64,-64,736.79,28.0,-1465.46,5360,-94,-94,42.1,13.677,-105.837
2016-03-24,-0.77529455,23.4878669,57982.719,83653.46,1236592.359,1726,-104,-104,105.47,16.484,-879.084,-577,-196,-196,144.98,48.02,-1601.69,930,-61,-61,732.01,35.2885,-2971.1385,5454,103,103,41.78,16.583,-2301.033
2016-03-23,-0.8161271,24.26316145,32895.7845,56388.0,1241641.0145,1830,-103,-103,106.48,21.012,-1125.432,-381,-166,-166,148.0,28.552,983.548,991,-45,-45,742.36,21.465,-2614.805,5351,2,2,43.28,0.272,-5404.582
2016-03-22,-0.1233548,25.07928855,13222.2055,31832.9,1250801.4855,1933,-83,-83,105.25,18.7165,1492.2335,-215,-138,-138,148.06,27.531,7.759,1036,-35,-35,737.46,19.215,-1569.505,5349,71,71,43.27,10.6855,-1164.0355
2016-03-21,0.49784755,25.20264335,2372.9935,11342.1,1252128.8435,2016,-71,-71,105.93,11.7505,-31.2005,-77,-133,-133,147.3,26.6,-117.25,1071,4,4,736.5,2.434,4810.756,5278,20,20,43.43,2.71,316.17
2016-03-18,0.35595635,24.7047958,1803.358,0.0,1247047.958,2087,-50,-50,106.34,8.775,268.665,56,-149,-149,147.4,36.2815,20.1585,1067,40,40,741.86,18.14,-373.4,5258,-40,-40,43.43,7.08,3644.14
2016-03-17,0.49176015,24.34883945,2531.2345,0.0,1243488.3945,2137,-149,-149,105.52,27.714,-458.054,205,-156,-156,144.78,37.206,422.484,1027,52,52,736.45,38.896,1678.014,5298,-23,-23,41.99,4.0825,3275.1575
2016-03-16,0.9451758,23.8570793,1660.603,0.0,1238570.793,2286,-137,-137,104.61,22.8105,3158.8395,361,-133,-133,142.62,25.2035,590.2065,975,48,48,726.37,22.848,7637.232,5321,-32,-32,42.13,4.24,-1934.52
2016-03-15,0.2787484,22.9119035,1953.275,0.0,1229119.035,2423,-124,-124,103.96,19.406,5150.534,494,-117,-117,141.74,24.2775,-57.0375,927,38,38,726.92,23.465,-1890.125,5353,45,45,42.26,6.0975,-415.8875
2016-03-14,0.2356999,22.6331551,2076.561,0.0,1226331.551,2547,-52,-52,101.91,7.228,636.792,611,-121,-121,142.01,26.6805,187.5895,889,33,33,726.81,19.47,3243.49,5308,-25,-25,42.66,4.0625,-1710.8725
2016-03-11,2.49571825,22.3974552,2569.702,0.0,1223974.552,2599,-11,-11,102.24,2.2495,2842.4305,732,-94,-94,141.73,25.286,1707.914,856,14,14,720.0,10.556,11872.924,5333,98,98,42.27,17.346,8533.914
2016-03-10,0.74671495,19.90173695,2400.3395,0.0,1199017.3695,2610,7,7,101.41,1.1585,127.3115,826,-107,-107,141.24,26.429,-119.339,842,20,20,708.12,13.68,6311.08,5235,6,6,41.61,0.843,1148.097
2016-03-09,1.11394285,19.155022,2451.7,0.0,1191550.22,2603,-28,-28,101.31,4.704,237.406,933,-92,-92,139.31,22.678,1249.622,822,19,19,698.47,19.4275,9159.0125,5229,62,62,41.36,10.292,493.388
2016-03-08,-1.2331236,18.04107915,2690.8515,0.0,1180410.7915,2631,-31,-31,100.78,5.9985,-2249.8285,1025,-156,-156,139.71,43.992,-1219.632,803,44,44,688.59,51.018,-717.508,5167,-139,-139,42.15,19.8075,-8144.2675
2016-03-07,-1.3385338,19.27420275,2331.8375,0.0,1192742.0275,2662,-55,-55,102.39,12.045,-3080.825,1181,-88,-88,137.28,19.36,2710.23,759,22,22,706.9,13.717,-11865.007,5306,56,56,42.36,8.736,-1149.736
2016-03-04,0.2885904,20.61273655,2597.5655,0.0,1206127.3655,2717,-59,-59,102.37,9.617,4144.383,1269,-86,-86,137.54,16.727,-39.087,737,30,30,714.99,23.145,-1227.855,5250,-93,-93,43.07,13.857,8.463
2016-03-03,0.28354275,20.32414615,2236.8315,0.0,1203241.4615,2776,-23,-23,100.58,3.7375,2074.3525,1355,-73,-73,137.22,22.703,2076.957,707,24,24,718.68,12.0,-4553.93,5343,-89,-89,42.14,14.062,3238.048
2016-03-02,0.850803,20.0406034,3456.794,0.0,1200406.034,2799,-36,-36,100.51,9.63,605.43,1428,0,0,133.7,0.0,2756.04,683,10,10,719.0,10.52,14.9000000001,5432,-120,-120,41.24,25.14,5131.66
2016-03-01,4.3224817,19.1898004,2124.924,0.0,1191898.004,2835,-82,-82,97.65,14.678,10950.442,1428,-49,-49,132.24,10.927,4817.883,673,21,21,703.62,15.9705,14021.0995,5552,1,1,39.15,0.1475,13435.3925
2016-02-29,-1.04588,14.8673187,2494.757,0.0,1148673.187,2917,-47,-47,96.86,8.084,-652.174,1477,-27,-27,132.0,6.7095,-1484.5195,652,15,15,700.32,10.9275,-4699.2775,5551,-63,-63,39.43,10.269,-3622.829
2016-02-26,0.11556235,15.9131987,2435.037,0.0,1159131.987,2964,-77,-77,97.2,13.5135,464.9665,1504,-70,-70,134.51,19.705,-3733.885,637,30,30,708.58,26.1,-544.16,5614,-92,-92,39.06,12.098,4968.702
2016-02-25,1.1401624,15.79763635,3270.2335,0.0,1157976.3635,3041,-104,-104,96.05,26.312,1975.548,1574,-64,-64,133.29,18.592,2688.568,607,28,28,700.01,29.708,3715.022,5706,-44,-44,38.23,7.854,3022.486
2016-02-24,0.6509579,14.65747395,2751.0995,0.0,1146574.7395,3145,-94,-94,93.98,18.565,4349.145,1638,-99,-99,131.55,16.83,554.22,579,26,26,688.92,21.866,2306.404,5750,76,76,37.44,11.97,-700.19
2016-02-23,-2.2719931,14.00651605,1720.1205,0.0,1140065.1605,3239,-158,-158,96.4,23.542,-7192.792,1737,-93,-93,133.14,18.135,-2456.415,553,40,40,701.45,25.46,-5692.39,5674,-4,-4,39.12,0.534,-7378.334
2016-02-22,0.9756373,16.27850915,2076.0915,0.0,1162785.0915,3397,-155,-155,96.31,22.94,2872.39,1830,-126,-126,133.84,30.303,1328.157,513,56,56,707.45,30.884,2450.026,5678,-182,-182,39.67,27.3,3105.8
2016-02-19,0.2391034,15.30287185,2792.8885,0.0,1153028.7185,3552,-156,-156,96.0,37.44,-859.44,1956,-223,-223,132.36,69.6875,1142.5225,457,69,69,695.03,63.204,1723.796,5860,-97,-97,38.82,16.3445,384.1555
2016-02-18,-0.18650075,15.06376845,2678.8145,0.0,1150637.6845,3708,-199,-199,98.84,40.397,-6793.997,2179,-185,-185,130.0,49.21,14508.94,388,65,65,710.0,66.2025,-4457.6025,5957,-64,-64,39.93,8.928,-5122.348
2016-02-17,2.4125896,15.2502692,2718.872,0.0,1152502.692,3907,-372,-372,96.67,78.864,5714.656,2364,-188,-188,123.71,35.25,8090.15,323,110,110,699.0,82.225,4657.975,6021,-451,-451,39.71,65.395,5663.115
2016-02-16,2.4617002,12.8376796,2742.676,0.0,1128376.796,4279,-69,-69,95.02,12.0405,11398.3795,2552,-42,-42,121.83,9.87,4361.71,213,174,174,692.98,149.205,-158.325,6472,-325,-325,38.59,63.2125,9015.2375
2016-02-12,2.27658375,10.3759794,99340.534,0.0,1103759.794,4348,625,625,94.19,129.0625,825.6075,2594,426,426,119.26,101.388,7572.812,39,182,182,690.26,204.568,-1533.558,6797,1217,1217,36.03,221.494,15900.976
2016-02-11,-1.7548204,8.09939565,186096.3865,96525.0,1082153.6865,3723,560,560,93.79,119.0,-1972.31,2168,410,410,118.78,152.725,-4647.745,-143,125,125,675.0,132.375,1152.055,5580,1208,1208,36.0,224.084,-12080.204
2016-02-10,-1.358048,9.85421605,240702.8105,184078.48,1097807.8405,3163,410,410,95.92,82.205,-2740.865,1758,277,277,125.0,71.466,-7150.116,-268,88,88,686.86,145.772,-2526.452,4372,626,626,38.5,106.107,-1163.047
2016-02-09,-0.234478,11.21226405,289070.3605,239345.92,1114183.8805,2753,327,327,94.29,76.191,104.189,1481,190,190,126.12,51.11,-4197.42,-356,74,74,672.32,84.989,2334.371,3746,791,791,36.93,158.2,-585.92
2016-02-08,-0.3995943,11.44674205,327540.6305,287175.5,1120870.1205,2426,354,354,93.13,92.571,2624.229,1291,158,158,126.0,37.841,-1684.471,-430,33,33,667.85,42.636,833.024,2955,550,550,39.14,106.975,-5768.725
2016-02-05,0.4704156,11.84633635,346830.1035,325891.81,1109064.4635,2072,175,175,96.52,36.225,-5367.985,1133,78,78,127.22,21.45,1054.45,-463,15,15,703.87,20.355,11357.465,2405,254,254,41.02,44.704,-2339.774
2016-02-04,1.3396129,11.37592075,355521.3875,345503.18,1106684.8075,1897,115,115,95.86,27.37,503.23,1055,69,69,125.08,17.25,3049.06,-478,-20,-20,722.81,56.0,8914.52,2151,266,266,40.11,62.111,929.319
2016-02-03,2.1965527,10.03630785,357036.4385,352760.76,1080545.4185,1782,137,137,95.0,25.756,3235.344,986,75,75,123.99,13.125,1663.205,-458,-5,-5,770.22,6.805,17287.645,1885,263,263,40.65,47.077,-220.667
2016-02-02,-1.561819,7.83975515,381047.8215,355378.5,1069405.5015,1645,81,81,95.42,13.4055,-3139.3455,911,46,46,123.67,8.234,-1676.664,-453,54,54,784.5,44.793,-7530.243,1622,145,145,41.86,20.5175,-3271.9375
2016-02-01,-0.6321776,9.40157415,392775.8715,380483.22,1094796.5215,1564,51,51,96.47,12.7245,-1391.5945,865,38,38,124.4,7.277,42.143,-507,28,28,750.46,28.266,-4826.896,1477,77,77,42.36,14.6685,-145.4285
2016-01-29,0.3402305,10.03375175,404989.9175,391368.55,1106447.2175,1513,110,110,94.79,22.715,4817.535,827,46,46,123.28,8.786,2067.844,-535,24,24,731.53,28.008,-6456.338,1400,161,161,40.8,26.726,2973.264
2016-01-28,-1.6487762,9.69352125,420594.5925,403720.98,1101820.8725,1403,147,147,93.79,38.8815,846.7385,781,54,54,121.26,12.744,955.116,-559,29,29,722.22,37.4825,-17994.3825,1239,104,104,41.2,18.044,-295.234
2016-01-27,-0.1191841,11.34229745,434432.1345,419637.96,1105379.1345,1256,148,148,96.04,35.594,-7702.914,727,48,48,122.73,8.088,-1199.818,-588,20,20,713.67,13.8,7647.0,1135,122,122,40.37,20.069,63.891
2016-01-26,0.09218395,11.46148155,445047.5055,434020.8,1114122.3355,1108,116,116,99.93,25.056,527.504,679,53,53,122.25,12.1635,325.1165,-608,6,6,713.85,6.501,-852.541,1013,180,180,39.6,31.59,921.76
2016-01-25,0.4869809,11.3692976,454090.406,444278.12,1106380.236,992,77,77,101.52,19.5965,-1991.4565,626,72,72,122.1,17.892,-252.012,-614,13,13,723.58,6.5065,8353.3235,833,144,144,40.81,18.216,-1240.046
2016-01-22,-0.77871275,10.8823167,467205.877,453697.2,1109857.717,915,101,101,98.63,24.947,4424.523,554,42,42,124.67,13.692,-314.752,-627,37,37,723.6,49.4505,-12378.6405,689,136,136,41.05,22.848,481.742
2016-01-21,-0.57724105,11.66102945,489769.9445,466247.52,1119538.5345,814,84,84,97.06,28.434,-449.974,512,42,42,121.3,16.779,544.341,-664,45,45,702.18,80.0775,-5652.8875,553,130,130,40.51,23.27,-213.89
2016-01-20,-0.0132072,12.2382705,496076.605,488224.49,1129359.265,730,116,116,95.1,29.87,245.99,470,79,79,118.46,23.858,-2199.008,-709,-6,-6,688.61,5.571,2283.409,423,121,121,40.52,20.933,-462.463
2016-01-19,-0.6776122,12.2514777,504927.217,494419.9,1121453.247,614,72,72,98.41,15.66,-396.4,391,31,31,130.11,6.2155,-759.4155,-703,25,25,703.3,29.2125,-5410.4825,302,87,87,42.85,16.704,-209.824
2016-01-15,1.24485885,12.9290899,518289.949,503987.12,1130863.379,542,81,81,96.2,27.297,-1053.757,360,31,31,130.01,7.0835,-953.9835,-728,5,5,692.29,8.705,14860.005,215,82,82,42.51,13.366,-403.676
2016-01-14,-0.8833526,11.68423105,511003.3405,517043.54,1123688.5305,461,95,95,97.96,27.9775,899.8025,329,32,32,131.93,8.288,539.852,-733,-37,-37,705.38,70.5405,-10271.4805,133,60,60,45.42,13.17,-1.7
2016-01-13,1.5999577,12.56758365,518021.2965,508671.6,1104593.9965,366,53,53,100.32,10.2025,-969.9025,297,11,11,133.5,2.5575,-522.9675,-696,21,21,730.85,14.1015,17640.4785,73,41,41,47.32,6.6215,-148.0315
2016-01-12,-0.709858,10.96762595,524582.2895,517444.56,1112823.8895,313,57,57,100.55,10.602,321.848,286,8,8,133.65,1.624,-99.364,-717,14,14,721.68,12.124,-7289.904,32,40,40,47.5,6.12,-31.16
2016-01-11,-0.04463885,11.67748395,529877.1695,524214.39,1116353.1795,256,58,58,98.97,12.615,272.725,278,16,16,131.81,3.6,438.32,-731,-11,-11,716.61,12.2265,-1129.0465,-8,34,34,46.56,8.007,-28.387
2016-01-08,0.82877815,11.7221228,522510.628,528690.66,1104886.428,198,56,56,98.55,15.96,-32.58,262,15,15,133.18,3.4425,-330.5025,-720,-11,-11,731.45,11.792,8626.268,-42,26,26,48.73,5.044,24.596
2016-01-07,1.1579529,10.89334465,538412.6165,521126.55,1106051.4865,142,44,44,98.68,9.9,-524.52,247,-2,-2,133.7,0.396,-573.906,-709,22,22,730.31,22.286,12486.604,-68,19,19,49.07,2.679,191.351
2016-01-06,-0.1425018,9.73539175,525797.2475,537988.7,1107311.8775,98,45,45,100.56,12.24,-112.47,249,9,9,134.38,1.818,-157.908,-731,-35,-35,730.0,26.88,-1227.42,-87,14,14,50.1,2.24,72.78
2016-01-05,-0.07536415,9.87789355,533234.3655,524734.74,1096016.7355,53,32,32,105.75,8.592,-161.312,240,-3,-3,136.76,0.5595,-22.1295,-696,13,13,746.45,9.62,-584.59,-101,23,23,51.54,3.45,14.39
2016-01-04,1.1321068,9.9532577,530429.057,533080.0,1098757.257,21,24,24,102.61,5.052,60.438,243,0,0,135.6,0.0,-405.81,-709,-30,-30,743.0,19.74,11585.22,-124,5,5,50.75,0.66,81.22
2015-12-31,0.78343055,8.8211509,517983.779,529528.56,1080953.999,-3,18,18,107.01,3.168,8.592,243,-7,-7,139.07,1.127,-420.977,-679,-25,-25,769.5,15.875,8176.105,-129,-1,-1,52.07,0.1345,70.5855
2015-12-30,0.3642278,8.03772035,524844.1235,516940.1,1076619.2235,-21,6,6,108.58,1.371,29.409,250,-32,-32,139.58,6.176,-122.576,-654,18,18,776.6,13.995,3648.405,-128,0,0,52.84,0.0,87.04
2015-12-29,-0.89965845,7.67349255,519195.8255,524856.88,1083470.6655,-27,15,15,106.96,2.6325,-56.5725,282,-16,-16,138.25,2.8,619.38,-672,3,3,766.69,2.3205,-9483.3405,-128,-3,-3,52.76,0.3915,-76.0515
2015-12-28,-0.9719767,8.573151,531829.86,519311.03,1092148.67,-42,12,12,107.59,1.83,54.27,298,-20,-20,137.74,2.77,-203.69,-675,18,18,752.92,6.057,-9611.667,-125,5,5,52.57,0.63,41.32
2015-12-24,0.1211017,9.5451277,518521.797,532146.55,1094631.847,-54,12,12,109.0,2.19,24.45,318,-6,-6,138.43,0.957,-93.837,-693,-24,-24,749.55,14.652,1290.738,-130,3,3,52.48,0.384,-10.334
2015-12-23,-0.0238562,9.424026,529264.44,518107.15,1092258.55,-66,26,26,107.27,4.251,-96.371,324,-25,-25,138.3,5.675,201.215,-669,12,12,753.47,6.792,-255.822,-133,12,12,52.3,1.644,-87.584
2015-12-22,-0.06483505,9.4478822,515911.862,529293.0,1093342.432,-92,22,22,107.4,4.18,3.48,349,6,6,135.88,1.143,844.647,-681,-17,-17,751.65,10.2,-1462.87,-145,5,5,51.99,0.7075,-33.6075
2015-12-21,-0.58413345,9.51271725,534340.5925,515416.74,1096233.8325,-114,28,28,107.28,7.994,-191.194,343,-9,-9,135.83,2.1105,212.0595,-664,20,20,746.13,17.98,-5771.82,-150,5,5,51.71,0.88,-90.38
2015-12-18,0.6770753,10.0968507,513746.837,534209.36,1095440.997,-142,14,14,108.91,3.689,416.191,352,22,22,136.41,5.709,-649.429,-684,-44,-44,746.51,34.496,6759.104,-155,-14,-14,52.46,2.443,244.887
2015-12-17,0.50546595,9.4197754,527078.114,513039.33,1085244.944,-156,24,24,112.02,6.228,345.612,330,-14,-14,139.35,2.702,-840.062,-640,26,26,762.42,30.095,5399.725,-141,-1,-1,54.01,0.1855,149.3845
2015-12-16,-0.95360845,8.91430945,519866.0745,526918.2,1094700.0345,-180,13,13,111.07,2.8925,-163.4325,344,-1,-1,139.12,0.1845,517.1455,-666,-15,-15,750.0,12.8025,-9697.3425,-140,-2,-2,53.04,0.295,-192.455
2015-12-15,0.3590969,9.8679179,525741.919,518962.72,1092242.189,-193,15,15,111.94,3.6675,388.5025,345,-14,-14,137.4,2.884,659.396,-651,16,16,753.0,21.248,2739.942,-138,1,1,51.85,0.1615,-196.8715
2015-12-14,-0.5291356,9.508821,525119.01,525215.83,1099133.71,-208,7,7,112.18,1.589,151.011,359,0,0,135.31,0.0,488.24,-667,-2,-2,741.79,1.096,-5931.556,-139,-3,-3,51.14,0.531,0.949
2015-12-11,0.699528,10.0379566,525299.966,524701.09,1098311.686,-215,3,3,115.19,0.5145,645.2755,359,1,1,135.23,0.2065,-792.0465,-665,-12,-12,741.16,8.412,6934.338,-136,-2,-2,51.94,0.307,207.713
2015-12-10,0.136421,9.3384286,518204.526,523995.03,1091166.796,-218,-5,-5,116.04,1.1525,-118.9525,358,-6,-6,137.03,1.683,61.697,-653,-13,-13,752.85,18.9995,1401.0705,-134,-11,-11,52.89,1.925,20.395
2015-12-09,0.6970881,9.2020076,520541.426,516952.85,1087220.316,-213,-9,-9,115.3,1.683,527.877,364,-5,-5,137.38,0.8825,-528.3925,-640,7,7,759.17,4.41,6904.39,-123,-9,-9,53.05,1.2735,67.0065
2015-12-08,0.0045875,8.5049195,516634.175,520466.67,1088041.295,-204,-2,-2,117.52,0.405,8.275,369,1,1,138.28,0.18,-552.41,-647,-14,-14,757.89,10.948,483.372,-114,-12,-12,53.84,1.782,106.638
2015-12-07,0.21072455,8.500332,515256.35,515485.59,1082096.34,-202,3,3,118.32,0.921,152.709,368,-26,-26,140.16,6.539,-337.399,-633,13,13,767.77,13.3185,2227.6815,-102,-12,-12,54.77,2.286,64.254
2015-12-04,-0.95767205,8.28960745,522352.2645,514966.45,1092648.1345,-205,0,0,115.29,0.0,-785.15,394,-23,-23,138.09,5.221,570.629,-646,-2,-2,753.1,2.537,-9219.837,-90,-13,-13,53.66,2.1125,-142.3625
2015-12-03,0.63292815,9.2472795,504665.225,521124.98,1083719.845,-205,-14,-14,115.24,2.821,204.019,417,-8,-8,140.1,1.484,-323.544,-644,-23,-23,766.01,21.85,6398.6,-77,-13,-13,54.42,1.9435,50.2065
2015-12-02,0.2331758,8.61435135,519047.0335,503418.2,1081837.7335,-191,-8,-8,117.34,1.58,200.88,425,-29,-29,140.93,5.539,-687.189,-621,40,40,768.9,48.5,2770.96,-64,-11,-11,54.99,1.463,47.107
2015-12-01,-1.51537765,8.38117555,514157.6155,518454.16,1096752.8955,-183,-18,-18,118.75,3.294,180.486,454,-6,-6,139.58,1.014,844.386,-661,-4,-4,747.11,3.132,-16139.932,-53,-17,-17,54.4,2.1165,-38.7165
2015-11-30,0.54071395,9.8965532,517401.752,513392.76,1094927.712,-165,-13,-13,117.99,1.8265,-80.3365,460,-17,-17,138.61,3.06,441.09,-657,9,9,748.81,3.564,5042.106,-36,-16,-16,54.34,2.12,4.28
2015-11-27,-0.1157775,9.35583925,511106.1725,517535.64,1094687.2325,-152,-28,-28,118.29,4.634,36.086,477,-6,-6,138.0,0.915,218.505,-666,-4,-4,748.46,1.588,-1405.608,-20,-28,-28,54.06,3.598,-6.758
2015-11-25,-0.01217635,9.47161675,517439.1075,510050.72,1094576.4675,-124,-22,-22,119.21,4.653,108.007,483,-37,-37,138.37,7.4555,-305.7655,-662,10,10,748.14,9.825,77.635,8,-28,-28,54.29,3.92,-1.64
2015-11-24,0.49808015,9.4837931,501162.051,517311.66,1092496.191,-102,-27,-27,117.33,5.9265,-132.5265,520,-7,-7,137.65,1.3125,65.8175,-672,-23,-23,752.0,14.8235,5068.0365,36,-28,-28,53.81,3.766,-20.526
2015-11-23,0.0402785,8.98571295,511816.4595,500530.3,1088789.0995,-75,-26,-26,119.27,3.991,111.479,527,-32,-32,138.53,5.872,-25.992,-649,28,28,757.45,23.688,354.892,64,-34,-34,54.67,4.794,-37.594
2015-11-20,-1.1382352,8.94543445,502248.0245,511241.61,1096276.6345,-49,-36,-36,119.2,8.982,-19.342,559,-3,-3,137.37,0.5595,985.1705,-677,1,1,746.53,0.3285,-12323.0785,98,-29,-29,55.37,3.712,-25.102
2015-11-19,0.1598814,10.08366965,514392.2365,502395.04,1100627.7765,-13,-31,-31,117.64,6.1845,-14.7045,562,-28,-28,136.21,5.11,522.85,-678,29,29,738.74,23.7945,1090.7655,127,-39,-39,54.88,6.357,-0.0969999999992
2015-11-18,-0.8837692,9.92378825,502248.0625,514399.06,1108018.8225,18,-21,-21,115.76,3.9165,104.3535,590,12,12,134.79,2.106,1166.254,-707,-19,-19,727.58,10.2695,-10359.8495,166,-20,-20,53.85,2.99,251.55
2015-11-17,0.2508832,10.80755745,511847.9245,501751.52,1105330.4545,39,-26,-26,114.92,6.812,-6.682,578,-20,-20,134.22,4.3,69.48,-688,27,27,729.29,27.216,2481.954,186,-32,-32,53.89,5.12,-35.92
2015-11-16,-0.72301455,10.55667425,504380.4425,511654.0,1115119.1425,65,-14,-14,111.38,3.71,102.45,598,9,9,131.79,1.5075,1170.2125,-715,-25,-25,715.6,20.525,-8606.925,218,-26,-26,52.96,3.783,104.117
2015-11-13,0.86708705,11.2796888,501823.198,503127.3,1104399.588,79,-32,-32,115.2,5.072,-288.732,589,-11,-11,132.95,2.0295,-762.8295,-690,-5,-5,729.17,2.79,9805.61,244,-28,-28,53.17,4.298,-83.178
2015-11-12,0.1155852,10.41260175,496338.5275,500735.0,1104283.5675,111,-37,-37,116.26,7.7885,-45.5285,600,-15,-15,134.7,2.775,-1195.575,-685,-9,-9,731.0,5.7465,2811.1035,272,-41,-41,54.52,6.888,-414.148
2015-11-11,-0.5458267,10.29701655,492409.3655,495142.96,1104957.6055,148,-50,-50,116.37,10.025,-127.705,615,-48,-48,136.09,8.688,-255.678,-676,4,4,732.46,2.818,-4805.458,313,-76,-76,56.12,12.046,-269.426
2015-11-10,-0.3155292,10.84284325,483858.7625,492592.0,1111094.0325,198,-41,-41,116.9,7.708,-910.578,663,-23,-23,135.36,5.98,101.25,-680,-19,-19,724.4,16.416,-2358.126,389,-68,-68,55.53,10.608,12.162
2015-11-09,0.3589668,11.15837245,478313.2545,482662.2,1108073.8145,239,-43,-43,120.96,6.8585,-128.2685,686,-31,-31,137.92,5.704,-2032.774,-661,-8,-8,730.2,4.16,5830.43,457,-67,-67,55.92,9.9495,-79.7195
2015-11-06,-0.1773347,10.79940565,469260.2865,477669.5,1109469.8365,282,-33,-33,121.08,7.4415,37.3185,717,-7,-7,138.6,1.6625,-1186.5725,-653,-11,-11,731.5,6.6055,-1642.8855,524,-79,-79,55.77,10.4675,1018.7925
2015-11-05,-0.347958,10.97674035,470567.8135,468319.74,1110910.1635,315,-50,-50,121.85,10.5,-358.2,724,-48,-48,141.61,8.04,-1268.76,-642,9,9,729.47,5.94,-2034.06,603,-60,-60,53.78,8.52,181.44
2015-11-04,-0.44971435,11.32469835,457644.9435,470022.0,1117224.5935,365,-55,-55,122.56,13.1725,-221.7725,772,-42,-42,142.55,10.29,-175.15,-651,-16,-16,722.0,9.544,-3885.554,663,-62,-62,54.37,8.897,-214.667
2015-11-03,0.1325704,11.7744127,457127.807,456476.1,1119839.627,420,-49,-49,120.79,9.1875,555.5025,814,-31,-31,140.02,4.5725,1213.7175,-635,7,7,718.86,6.2195,-657.2195,725,-63,-63,53.56,8.5365,213.7035
2015-11-02,-0.5002677,11.6418423,448505.893,456500.52,1122870.523,469,-44,-44,120.8,8.294,836.826,845,-25,-25,140.5,4.2875,251.2625,-642,-17,-17,711.06,8.4575,-6616.8075,788,-44,-44,53.45,6.358,526.042
2015-10-30,0.2476963,12.14211,443604.31,447331.25,1118346.1,513,-56,-56,120.99,12.376,-515.006,870,-15,-15,140.44,2.85,-413.4,-625,-2,-2,715.73,1.025,3815.345,832,-28,-28,53.75,4.816,-409.976
2015-10-29,-0.30239265,11.8944137,441186.377,442641.5,1122943.797,569,-43,-43,118.7,11.266,681.164,885,-37,-37,140.36,10.6005,-275.7905,-623,-1,-1,710.5,0.595,-2476.355,860,-74,-74,54.5,15.725,-952.945
2015-10-28,0.48453805,12.19680635,431548.1235,439959.26,1125463.7035,612,-19,-19,117.58,4.3225,2941.8875,922,39,39,137.92,16.575,2719.425,-622,-14,-14,707.33,7.749,-2798.109,934,-18,-18,52.86,2.403,1982.177
2015-10-27,-0.3434283,11.7122683,443614.373,430087.04,1117797.563,631,-54,-54,115.4,14.067,-468.217,883,-84,-84,143.51,15.918,-5149.918,-608,24,24,707.38,23.868,2714.052,952,-100,-100,52.71,14.2,-530.2
2015-10-26,-1.1099558,12.0556966,410516.986,443379.6,1127654.326,685,4,4,118.08,0.98,-2599.98,967,32,32,144.75,6.064,-994.644,-632,-70,-70,701.55,106.75,-6951.21,1052,14,14,53.23,1.904,-553.724
2015-10-23,-3.2253756,13.1656524,436422.924,408855.0,1117325.524,681,-100,-100,118.77,17.0,2747.98,935,-92,-92,144.61,25.07,574.42,-562,112,112,727.5,88.424,-36785.964,1038,-104,-104,53.0,14.092,1209.808
2015-10-22,-0.0720426,16.391028,433312.79,435875.8,1167340.94,781,-27,-27,114.33,5.238,1369.092,1027,-6,-6,141.74,1.608,3258.902,-674,-14,-14,646.7,11.298,-6141.358,1142,12,12,52.18,2.022,792.938
2015-10-21,0.42255885,16.4630706,429241.566,431739.0,1157014.306,808,-38,-38,114.0,10.165,-9.50499999999,1033,21,21,140.25,4.8405,292.5895,-660,-16,-16,654.15,18.016,5106.104,1130,-15,-15,52.99,1.95,-1163.6
2015-10-20,0.3020489,16.04051175,424823.0175,427641.76,1151543.6775,846,-66,-66,111.34,12.012,1688.088,1012,-19,-19,142.49,3.4105,-8814.2405,-644,-3,-3,664.04,1.386,10180.514,1145,-77,-77,52.86,10.9725,-33.8725
2015-10-19,-0.2926057,15.73846285,416383.4685,423816.38,1160538.3485,912,-24,-24,110.8,4.164,619.356,1031,-31,-31,149.85,6.107,-1229.117,-641,-16,-16,661.18,7.816,-2524.036,1222,0,0,52.36,0.0,207.74
2015-10-16,-0.11004965,16.03106855,416013.3855,415068.75,1159116.9355,936,-39,-39,111.78,7.0395,-777.6795,1062,-44,-44,150.45,10.252,324.188,-625,10,10,664.11,5.335,-316.535,1222,-70,-70,53.34,14.21,-330.47
2015-10-15,-0.19996735,16.1411182,406697.602,415709.1,1165906.982,975,-32,-32,110.93,6.336,1625.454,1106,-49,-49,150.91,8.8935,123.6865,-635,-14,-14,654.66,8.778,-6678.078,1292,-23,-23,51.83,3.266,2929.264
2015-10-14,-0.1108525,16.34108555,405554.5755,405643.41,1162137.8055,1007,-20,-20,111.29,3.77,-1604.83,1155,-10,-10,149.6,1.8,448.45,-621,9,9,653.21,7.497,692.253,1315,12,12,51.07,1.728,-644.398
2015-10-13,-0.5171678,16.45193805,409257.1205,405184.5,1170283.8805,1027,16,16,110.82,2.648,204.962,1165,3,3,150.78,0.5595,-1770.2795,-630,6,6,643.15,3.447,-3529.227,1303,47,47,50.85,6.1335,-77.1335
2015-10-12,-0.4054568,16.96910585,411374.7385,408369.24,1172603.9385,1011,0,0,112.73,0.0,-525.72,1162,4,4,152.4,0.776,-1453.316,-636,5,5,642.09,3.1675,-1941.7275,1256,61,61,51.36,9.4245,-133.8045
2015-10-09,-0.03588335,17.37456265,414599.5965,410240.0,1176059.6365,1011,-27,-27,111.64,5.373,2701.227,1158,-39,-39,152.46,11.1735,123.2265,-641,4,4,640.0,4.178,-2859.988,1195,2,2,51.82,0.309,-323.299
2015-10-08,0.35965315,17.410446,401449.65,413677.2,1172685.46,1038,-62,-62,110.06,13.516,-1386.796,1197,-53,-53,149.69,10.2555,2589.9745,-645,-29,-29,641.36,29.667,2005.333,1193,-15,-15,51.09,2.22,388.02
2015-10-07,0.3262517,17.05079285,394872.9485,399931.84,1166269.8485,1100,-79,-79,110.47,15.721,-665.081,1250,-63,-63,150.04,11.529,1705.351,-616,0,0,649.24,0.0,1897.28,1208,-38,-38,51.48,5.073,324.967
2015-10-06,-0.2323156,16.72454115,387582.1815,393525.44,1171311.0115,1179,-32,-32,110.63,6.88,613.19,1313,-21,-21,149.06,6.3735,-347.3335,-616,-5,-5,638.84,4.5025,-2463.1725,1246,31,31,51.05,4.65,-125.84
2015-10-05,-0.11954025,16.95685675,394069.3975,386152.0,1175354.7375,1211,13,13,110.08,3.549,484.751,1334,17,17,145.82,5.1255,5923.4345,-611,35,35,632.0,45.8675,-9120.1775,1215,53,53,50.4,11.0505,1516.5895
2015-10-02,-0.72528795,17.076397,410637.77,392251.2,1183496.63,1198,65,65,108.01,14.0075,1046.4425,1317,108,108,141.05,32.832,1545.318,-646,27,27,607.2,19.224,-9999.314,1162,134,134,48.51,18.626,154.674
2015-10-01,-0.40996745,17.80168495,421507.6295,409433.01,1179982.0095,1133,65,65,109.07,15.6325,-751.4425,1209,56,56,145.31,11.34,-1698.8,-673,24,24,608.37,12.036,-1942.346,1028,118,118,49.42,17.346,292.914
2015-09-30,-0.5183558,18.2116524,435117.034,420486.16,1185699.104,1068,83,83,110.17,31.7475,1200.4425,1153,59,59,143.69,10.3545,2800.1655,-697,30,30,603.28,25.17,-9649.12,910,94,94,49.81,14.006,464.954
2015-09-29,-0.3515205,18.7300082,448127.872,434222.56,1185620.712,985,46,46,112.83,9.499,-3356.739,1094,77,77,141.99,18.9035,-32.7935,-727,5,5,597.28,6.805,-76.915,816,117,117,49.05,21.9375,-48.7575
2015-09-28,0.6377308,19.0815287,447941.037,446768.88,1179505.887,939,62,62,113.85,14.477,-2092.687,1017,71,71,144.42,13.277,-2891.577,-732,-23,-23,610.34,23.8855,12441.1845,699,77,77,50.63,10.9725,-1079.6125
2015-09-25,1.11629035,18.4437979,455700.759,446506.93,1171817.779,877,-9,-9,116.44,2.3085,-243.6785,946,19,19,145.55,4.864,928.936,-709,29,29,629.77,24.534,9665.806,622,60,60,50.17,9.0,811.84
2015-09-24,-0.16928635,17.32750755,461585.7055,455080.32,1180035.1555,886,21,21,113.25,3.591,621.359,927,53,53,142.6,10.123,741.307,-738,3,3,616.64,1.6395,-2523.1995,562,74,74,49.66,9.99,-532.33
2015-09-23,0.02254305,17.4967939,465354.399,460939.05,1175197.649,865,20,20,113.63,3.66,787.54,874,26,26,144.21,4.277,-671.537,-741,0,0,622.05,0.0,244.53,488,55,55,50.4,7.1225,-135.1025
2015-09-22,0.60708305,17.47425085,466827.6185,464607.0,1171548.7985,845,12,12,113.38,2.226,-1509.716,848,25,25,144.62,5.075,-1696.975,-741,-7,-7,627.0,4.3925,9384.2775,433,58,58,49.95,7.946,-106.756
2015-09-21,-0.13750585,16.8671678,468246.218,465649.6,1169435.038,833,8,8,113.67,1.772,1462.548,823,37,37,145.39,8.14,1580.61,-734,-1,-1,634.4,0.749,-4539.059,375,55,55,50.82,7.5075,120.8425
2015-09-18,0.6500953,17.00467365,474478.9365,466767.07,1164519.9165,825,26,26,112.21,6.201,-349.491,786,24,24,146.05,5.256,-2808.276,-733,9,9,636.79,8.046,10052.394,320,54,54,50.7,9.774,-393.674
2015-09-17,-0.7599513,16.35457835,476453.5635,473240.18,1167337.4035,799,0,0,115.66,0.0,-1989.51,762,11,11,148.1,1.8425,-204.1725,-742,7,7,637.79,2.6705,-5149.9805,266,35,35,52.61,5.11,-255.85
2015-09-16,0.02320975,17.11452965,478944.4665,475967.03,1171527.2865,799,8,8,116.25,1.644,102.466,751,13,13,147.84,2.7105,654.1395,-749,14,14,635.47,11.844,-645.624,231,36,36,52.26,5.814,121.116
2015-09-15,-0.68435165,17.0913199,488186.199,478172.1,1177352.919,791,15,15,115.93,3.0225,754.9475,738,25,25,146.6,4.95,1358.74,-763,16,16,626.7,6.744,-9141.804,195,44,44,51.18,5.5,184.6
2015-09-14,0.1570104,17.77567155,487393.0855,487420.3,1175840.3755,776,-1,-1,116.58,0.2225,855.7475,713,21,21,147.37,4.0215,-1230.3815,-779,7,7,625.7,3.626,1967.734,151,46,46,51.08,5.796,-22.996
2015-09-11,-0.13665755,17.61866115,497708.1215,487123.5,1180918.3315,777,6,6,111.79,1.614,1277.346,692,14,14,145.91,3.255,810.445,-786,24,24,619.75,17.676,-3453.396,105,41,41,51.01,6.5805,-0.9705
2015-09-10,-0.4403897,17.7553187,498441.137,496611.0,1184235.687,771,61,61,110.27,19.0625,1839.4375,678,40,40,145.85,12.38,735.32,-810,-10,-10,613.1,9.46,-6995.96,64,41,41,50.56,7.9745,17.3055
2015-09-09,-0.16146525,18.1957084,506262.444,496976.0,1175157.084,710,8,8,113.76,1.696,-1546.896,638,0,0,148.74,0.0,-1390.84,-800,25,25,621.22,17.7375,1370.2625,23,33,33,52.4,4.719,-47.179
2015-09-08,-0.747587,18.35717365,506771.8765,505818.25,1185364.4865,702,23,23,111.75,4.531,2072.509,638,21,21,145.86,4.284,2202.496,-825,15,15,612.49,7.665,-11701.515,-10,40,40,51.4,6.36,-49.36
2015-09-04,0.2167722,19.10476065,522194.8765,506556.5,1191608.6065,679,47,47,108.97,11.139,-692.239,617,23,23,144.57,4.899,-1854.429,-840,-4,-4,600.0,3.778,4633.222,-50,42,42,51.13,6.552,81.168
2015-09-03,0.6480164,18.88798845,502343.7645,520592.32,1179877.2445,632,52,52,112.49,13.546,-1266.386,594,54,54,146.05,10.53,963.09,-836,-20,-20,617.0,16.63,6799.81,-92,35,35,51.96,5.32,-16.35
2015-09-02,-1.038047,18.23997205,545306.5905,500741.31,1189532.1005,580,14,14,110.23,4.564,2639.896,540,0,0,144.74,0.0,1279.8,-816,73,73,605.59,75.774,-14149.974,-127,44,44,51.81,9.042,-150.192
2015-09-01,1.17820195,19.27801905,505992.6405,544458.44,1188467.8005,566,101,101,110.15,22.8765,-2611.9065,540,97,97,144.91,20.079,-2544.419,-889,-100,-100,602.36,100.6,16499.34,-171,5,5,52.4,0.735,439.005
2015-08-31,0.93910155,18.0998171,551301.351,504479.94,1173729.961,465,1,1,112.03,0.1885,-245.3785,443,10,10,147.38,1.51,-35.38,-789,64,64,627.54,45.824,9706.506,-176,36,36,53.13,4.932,-34.732
2015-08-28,0.56650785,17.16071555,501873.6755,551050.54,1169566.1155,464,62,62,112.17,16.182,201.998,433,66,66,147.75,17.523,-207.863,-853,-89,-89,632.82,104.9755,5635.9045,-212,6,6,53.09,0.981,35.039
2015-08-27,-0.67513305,16.5942077,564623.977,500097.02,1164629.017,402,-51,-51,112.23,17.442,1410.558,367,-37,-37,148.5,12.654,729.226,-764,136,136,639.4,235.688,-8570.128,-218,61,61,53.19,12.5965,-320.9865
2015-08-26,-3.58715565,17.26934075,516764.3775,563658.39,1189379.1375,453,88,88,107.08,42.284,2359.146,404,79,79,144.09,33.5355,2038.1545,-900,-87,-87,610.35,166.779,-39609.549,-279,-8,-8,51.41,1.948,-659.308
2015-08-25,0.125671,20.8564964,583213.064,514203.53,1181093.694,365,-78,-78,111.11,73.32,776.2,325,-17,-17,146.94,6.324,-763.084,-813,172,172,614.91,438.17,1348.38,-271,84,84,52.7,31.206,-104.786
2015-08-24,1.53229205,20.7308254,547503.604,581846.15,1224098.654,443,103,103,94.87,42.539,-90.389,342,54,54,143.47,17.523,-1566.963,-985,-159,-159,573.0,236.274,16013.356,-355,-41,-41,49.13,7.1135,966.9165
2015-08-21,2.52936155,19.19853335,544817.2535,545539.88,1169184.3335,340,4,4,110.43,0.944,-2334.664,288,5,5,151.5,0.8525,-1092.3325,-826,-24,-24,639.78,26.508,28177.392,-314,0,0,54.4,0.0,543.22
2015-08-20,1.0551161,16.6691718,535225.138,543272.34,1159550.658,336,1,1,114.08,0.192,-792.222,283,5,5,152.74,1.065,-357.305,-802,-16,-16,655.46,11.848,11185.252,-314,-8,-8,56.03,1.184,515.436
2015-08-19,-0.4674295,15.6140557,544556.927,533584.68,1159465.277,335,-9,-9,116.1,1.5435,-504.2935,278,-7,-7,155.15,1.1445,-582.6245,-786,9,9,656.6,5.643,-3759.093,-306,14,14,57.18,1.764,171.716
2015-08-18,0.3542369,16.0814852,526985.552,544664.9,1156189.302,344,6,6,116.43,1.245,-223.905,285,6,6,155.51,1.197,-81.897,-795,-23,-23,661.9,13.961,3778.029,-320,6,6,57.67,0.858,70.142
2015-08-17,-0.24001995,15.7272483,551719.053,525683.76,1160613.383,338,-21,-21,116.04,4.515,402.765,279,-15,-15,155.2,2.7225,145.2675,-772,39,39,656.8,17.94,-2900.46,-326,36,36,57.16,4.572,-47.772
2015-08-14,-0.0244966,15.96726825,522199.9025,551912.27,1161532.3125,359,27,27,114.32,5.211,307.989,294,16,16,155.0,3.016,198.024,-811,-52,-52,655.01,38.584,-656.834,-362,5,5,57.18,0.775,-94.145
2015-08-13,0.18401425,15.99176485,555156.2685,521353.89,1157849.4185,332,-36,-36,116.04,14.022,-15.102,278,-31,-31,156.06,7.0835,-313.2035,-759,42,42,659.32,30.891,2339.679,-367,54,54,57.03,10.611,-171.231
2015-08-12,0.225591,15.8077506,509484.776,555098.82,1155245.356,368,45,45,112.53,15.4125,671.7875,309,22,22,154.26,3.443,224.907,-801,-77,-77,663.08,87.1255,1067.1945,-421,-18,-18,56.94,2.709,292.021
2015-08-11,-2.5512548,15.5821596,560408.936,507878.83,1149576.406,323,-36,-36,117.81,9.828,-2090.878,287,-23,-23,155.96,3.8525,-377.9025,-724,109,109,669.2,77.3355,-23527.7655,-403,68,68,58.01,8.942,483.998
2015-08-10,0.3037307,18.1334144,525071.194,560127.3,1176770.474,359,33,33,116.53,6.1875,1468.2825,310,28,28,156.77,5.474,453.626,-833,-58,-58,639.48,43.413,1506.837,-471,1,1,58.26,0.1585,-391.4385
2015-08-07,0.56649595,17.8296837,569306.077,523639.21,1174348.647,326,-4,-4,114.58,0.876,124.064,282,-13,-13,155.89,2.184,-346.174,-775,57,57,640.23,43.1205,5816.0295,-472,80,80,58.18,12.24,71.04
2015-08-06,0.072337,17.26318775,517088.2575,569108.64,1170304.1975,330,45,45,115.97,16.515,-131.265,295,45,45,157.13,9.135,-440.585,-832,-70,-70,645.0,58.45,942.15,-552,-4,-4,58.82,0.53,353.07
2015-08-05,-1.162035,17.19085075,590977.2275,515658.58,1178999.8075,285,3,3,112.95,0.9675,220.7025,250,-19,-19,159.1,3.7525,99.7475,-762,114,114,634.33,55.005,-11705.985,-548,145,145,58.94,18.705,-234.815
2015-08-04,-0.000339149999998,18.35288575,518656.0275,590946.33,1184325.2375,282,56,56,117.42,19.74,-1034.22,269,49,49,158.4,14.5775,-297.9775,-876,-110,-110,628.42,53.46,1356.6,-693,-34,-34,58.37,4.624,-27.794
2015-08-03,-0.5738182,18.3532249,608585.389,517641.02,1187910.049,226,-29,-29,121.5,5.4085,-645.9685,220,-32,-32,161.7,5.488,-736.368,-766,119,119,625.34,55.9895,-4313.4595,-659,196,196,58.62,24.206,-42.386
2015-07-31,0.61491285,18.9270431,503092.101,609036.75,1183881.831,255,39,39,122.6,5.577,-287.397,252,41,41,161.4,7.4825,234.0375,-885,-162,-162,631.38,122.877,5858.403,-855,-66,-66,58.79,9.075,344.085
2015-07-30,-0.04658785,18.31213025,622889.7725,501827.97,1185112.2225,216,-55,-55,122.32,8.8825,-179.6525,211,-53,-53,160.5,10.8915,-69.5915,-723,163,163,630.0,103.5865,-266.1765,-789,333,333,58.73,45.288,49.542
2015-07-29,-0.3883488,18.3587181,488085.111,622821.12,1186764.281,271,43,43,123.15,7.224,-103.024,264,64,64,160.0,11.808,265.952,-886,-211,-211,628.8,121.536,-3434.716,-1122,-100,-100,58.56,13.6,-611.7
2015-07-28,-0.2170981,18.7470669,637091.869,486896.15,1184128.659,228,-90,-90,123.38,15.705,178.275,200,-34,-34,159.91,6.086,218.474,-675,202,202,632.83,159.58,-1784.22,-1022,574,574,58.45,83.23,-783.51
2015-07-27,-0.3864271,18.964165,481938.79,637025.4,1195227.43,318,74,74,123.09,14.208,-460.008,234,112,112,159.0,25.312,-100.432,-877,-262,-262,621.0,362.215,-4277.835,-1596,-213,-213,57.9,36.636,974.004
2015-07-24,1.3377078,19.3505921,647369.721,480470.1,1177707.321,244,-104,-104,125.32,20.956,-165.356,122,37,37,161.29,9.102,-234.382,-615,150,150,647.0,184.725,12150.075,-1383,959,959,59.7,154.399,1626.741
2015-07-23,1.4195757,18.0128843,461774.393,647070.73,1166147.853,348,8,8,126.2,2.204,-30.924,85,110,110,160.27,29.535,96.565,-765,-302,-302,661.27,326.764,13054.876,-2342,204,204,60.29,35.7,1075.24
2015-07-22,-1.2669129,16.5933086,666385.296,460579.84,1169539.936,340,-716,-716,121.99,164.68,-8317.04,-25,255,255,162.73,80.7075,73.9925,-463,-233,-233,660.89,241.155,-477.085,-2546,5443,5443,59.12,683.0965,-3948.9965
2015-07-21,-0.9985007,17.8602215,377735.315,666466.7,1182274.015,1056,256,256,132.85,54.656,-1648.256,-280,-95,-95,164.34,17.29,1981.11,-230,-930,-930,655.21,830.955,-7928.655,-7989,-2136,-2136,58.8,285.156,-2389.206
2015-07-20,-1.12736865,18.8587222,241193.912,377059.03,1188022.942,800,326,326,130.97,53.953,1465.947,-185,-46,-46,172.79,10.166,-128.636,700,-345,-345,659.24,542.8575,-12202.9075,-5853,-2148,-2148,58.96,273.87,-408.09
2015-07-17,10.40338825,19.98609085,195797.7785,240529.52,1200979.0285,474,145,145,129.08,23.345,420.145,-139,15,15,170.33,2.9475,-202.7875,1045,-107,-107,649.0,94.588,104573.062,-3705,-791,-791,58.53,116.277,-756.537
2015-07-16,1.6831178,9.5827026,192987.336,194818.98,1098073.306,329,93,93,127.74,16.6005,453.8495,-154,67,67,169.47,10.9545,-454.3145,1152,-50,-50,565.12,29.275,22829.485,-2914,-161,-161,57.9,22.862,-5997.842
2015-07-15,-0.23852255,7.8995848,184125.678,192117.86,1079557.498,236,121,121,125.72,20.1465,252.1035,-221,41,41,168.48,6.765,16.245,1202,-66,-66,560.13,69.762,-1191.542,-2753,-253,-253,56.26,36.432,-1462.032
2015-07-14,1.75806725,8.13810735,173780.6235,182815.66,1082516.2335,115,80,80,126.04,13.76,-49.91,-262,29,29,169.43,6.3365,193.9535,1268,-17,-17,546.76,14.2035,18438.7665,-2500,-255,-255,55.37,33.7875,-1002.1375
2015-07-13,1.78012185,6.3800401,186197.571,172432.43,1065344.851,35,119,119,125.03,27.608,-152.558,-291,71,71,167.93,13.774,-790.484,1285,63,63,532.88,28.3815,20898.0685,-2245,-142,-142,55.04,21.868,-2153.808
2015-07-10,0.7430218,4.59991825,213850.3625,184930.53,1046599.7525,-84,143,143,121.94,48.906,-585.956,-362,93,93,165.66,17.7165,-1308.2465,1222,82,82,526.29,22.222,11065.658,-2103,-65,-65,54.55,8.2875,-1741.2375
2015-07-09,0.2153449,3.85689645,230123.2445,213069.57,1036768.0145,-227,67,67,123.85,13.735,468.005,-455,68,68,165.34,14.484,-476.674,1140,62,62,523.12,26.722,3972.298,-2038,-50,-50,53.84,7.6,-1810.18
2015-07-08,-0.3296348,3.64155155,246920.6355,229343.4,1033406.7755,-294,60,60,124.48,13.14,976.74,-523,68,68,164.0,17.408,1012.912,1078,76,76,521.05,49.4,-8576.5,-1988,-100,-100,53.81,20.1,3290.5
2015-07-07,0.3123883,3.97118635,266891.1635,245827.96,1038789.1635,-354,59,59,125.89,9.971,106.259,-591,92,92,164.94,17.066,-195.956,1002,62,62,523.13,25.575,2122.005,-1888,-14,-14,54.97,1.925,1091.575
2015-07-06,0.07579,3.65879805,280522.9505,266172.57,1038183.9205,-413,9,9,124.94,1.314,193.906,-683,73,73,163.83,10.585,327.275,940,64,64,519.5,17.824,-275.824,-1874,-43,-43,54.79,5.977,512.543
2015-07-02,0.14882595,3.58300805,297632.6905,279623.59,1035754.6805,-422,11,11,126.43,1.6225,67.7675,-756,95,95,165.05,19.0475,-525.8475,876,60,60,521.08,28.38,1383.78,-1831,-13,-13,55.43,1.8005,562.5595
2015-07-01,-0.21530745,3.4341821,311920.711,296312.35,1034054.501,-433,37,37,126.9,6.031,-571.731,-851,77,77,163.97,14.938,-1673.138,816,45,45,524.73,17.4375,877.9425,-1818,-22,-22,56.01,3.168,-786.148
2015-06-30,-0.18658175,3.64948955,322459.5255,310914.54,1034687.2755,-470,21,21,125.57,4.1895,-444.3295,-928,65,65,163.99,14.495,206.885,771,44,44,526.02,22.154,-998.864,-1796,-34,-34,55.52,4.709,-629.509
2015-06-29,-0.10346235,3.8360713,336179.873,321353.9,1036678.813,-491,4,4,125.46,0.696,1094.484,-993,68,68,163.92,12.172,2565.118,727,36,36,525.01,15.138,-7168.248,-1762,-69,-69,55.04,8.7975,2474.0225
2015-06-26,-0.1668788,3.93953365,335334.6965,335170.39,1037902.8765,-495,-38,-38,127.67,7.03,370.68,-1061,35,35,166.23,7.0875,645.4825,691,-3,-3,537.26,1.1505,-2441.2005,-1693,-75,-75,56.47,10.8,-243.75
2015-06-25,0.0223181,4.10641245,330805.8245,335007.64,1037263.0845,-457,-29,-29,128.86,6.786,293.734,-1096,18,18,167.8,3.609,956.891,694,-15,-15,538.87,4.755,-1800.645,-1618,-62,-62,56.99,7.719,773.201
2015-06-24,0.05531455,4.08409435,327407.4435,330551.78,1039287.7835,-428,-19,-19,127.21,2.5935,-461.4135,-1114,19,19,168.71,4.18,1832.21,709,6,6,540.0,2.475,-1871.355,-1556,-96,-96,56.66,12.096,1053.704
2015-06-23,0.0130834,4.0287798,334036.168,326542.66,1040536.268,-409,3,3,127.48,0.447,237.163,-1133,56,56,168.38,8.792,-1053.562,703,14,14,539.64,5.747,1583.823,-1460,-28,-28,57.28,3.43,-636.59
2015-06-22,-0.12827785,4.0156964,336332.244,333285.25,1040430.404,-412,-7,-7,127.49,1.197,-411.087,-1189,35,35,167.65,6.3875,-909.3475,689,-7,-7,539.59,2.534,1051.266,-1432,-35,-35,56.86,4.62,-1013.61
2015-06-19,0.2738444,4.14397425,330457.7725,335833.9,1039827.9125,-405,-14,-14,127.71,2.163,513.857,-1224,10,10,167.62,1.835,1546.705,696,-6,-6,537.21,2.808,-27.768,-1397,-88,-88,56.51,12.76,705.65
2015-06-18,0.33437575,3.87012985,333728.1185,330054.57,1040567.1485,-391,0,0,127.23,0.0,-226.78,-1234,35,35,167.05,6.5625,-1335.0825,702,23,23,531.0,9.062,5194.858,-1309,-68,-68,56.66,9.418,-289.238
2015-06-17,0.10081655,3.5357541,342698.391,332685.39,1034751.321,-391,29,29,127.72,5.046,108.774,-1269,51,51,167.0,8.8995,-435.8295,679,48,48,529.37,14.592,680.538,-1241,-22,-22,57.07,3.047,654.683
2015-06-16,-0.105009,3.43493755,360863.6955,341806.08,1035932.4255,-420,47,47,127.03,8.2955,-299.0655,-1320,85,85,166.33,17.8075,-789.3575,631,31,31,528.4,9.765,552.485,-1219,-8,-8,56.52,1.132,-514.152
2015-06-15,-0.1301265,3.53994655,361061.2155,359744.17,1037125.3855,-467,-10,-10,126.1,1.61,104.44,-1405,-4,-4,165.33,0.722,1018.288,600,33,33,528.0,8.184,-2943.294,-1211,-61,-61,56.62,7.869,519.301
2015-06-12,0.21295065,3.67007305,372955.8205,359829.99,1034616.9205,-457,23,23,128.18,4.255,654.115,-1401,50,50,168.23,9.75,2525.54,567,52,52,531.6,20.696,-1156.936,-1150,-25,-25,57.01,3.2125,106.7875
2015-06-11,-0.11049945,3.4571224,386325.984,371952.66,1033602.794,-480,51,51,129.18,8.8995,115.0005,-1451,78,78,169.26,20.787,155.833,515,40,40,538.42,22.02,-1162.42,-1125,-12,-12,57.2,1.818,-213.408
2015-06-10,-0.2475253,3.56762185,400691.2085,385117.24,1040736.1985,-531,76,76,127.92,16.948,-830.208,-1529,52,52,166.49,12.09,-5008.17,475,82,82,529.36,33.579,4497.481,-1113,-8,-8,56.27,1.256,-1134.356
2015-06-09,-0.08235675,3.81514715,432897.7415,399714.29,1039601.2015,-607,73,73,126.7,15.987,294.973,-1581,101,101,165.34,21.513,-559.053,393,95,95,527.56,46.93,-171.3,-1105,23,23,55.57,3.2775,-388.1875
2015-06-08,0.27302715,3.8975039,445194.899,432281.94,1034472.179,-680,59,59,128.9,9.8235,553.4265,-1682,20,20,167.17,3.71,3465.81,298,48,48,533.31,16.032,-1952.072,-1128,-19,-19,56.25,2.603,663.107
2015-06-05,0.0303299,3.62447675,456893.2175,444188.18,1034413.8975,-739,52,52,129.5,9.542,507.868,-1702,14,14,168.25,3.269,1666.511,250,4,4,536.35,1.654,-842.754,-1109,23,23,56.02,3.266,-1028.326
2015-06-04,0.2624255,3.59414685,445449.3485,456180.66,1033658.2085,-791,-4,-4,129.58,0.608,598.392,-1716,-63,-63,169.53,12.3795,2605.6905,246,-6,-6,537.76,2.517,-905.877,-1132,-41,-41,55.45,6.1705,326.0495
2015-06-03,-0.1341602,3.33172135,451704.5035,444714.56,1032577.1835,-787,38,38,130.66,6.346,-158.866,-1653,19,19,170.5,3.819,-466.279,252,-9,-9,539.91,6.1515,285.1785,-1091,19,19,55.04,2.7455,-1001.6355
2015-06-02,0.23705595,3.46588155,443163.7955,451190.02,1035079.7955,-825,-4,-4,129.86,0.668,475.112,-1672,-56,-56,169.66,11.228,845.812,261,-3,-3,532.93,1.3545,1350.0555,-1110,-4,-4,54.4,0.52,-300.42
2015-06-01,-0.11341275,3.2288256,448730.176,442495.32,1032198.856,-821,25,25,130.28,4.4375,-217.8975,-1616,-21,-21,170.21,3.885,-848.605,264,22,22,536.79,10.098,383.262,-1106,57,57,54.68,7.467,-450.887
2015-05-29,0.32636625,3.34223835,453033.8135,447660.81,1029465.2435,-846,33,33,131.23,4.7025,1282.4475,-1595,-13,-13,171.35,2.067,3278.953,242,6,6,537.37,1.908,-1843.588,-1163,19,19,54.46,2.47,545.85
2015-05-28,0.10471225,3.0158721,450856.421,451936.08,1030180.581,-879,33,33,131.86,6.9465,227.5335,-1582,-28,-28,171.45,5.586,437.794,236,6,6,538.01,3.252,5.068,-1182,17,17,54.82,2.363,376.727
2015-05-27,-0.4216343,2.91115985,458444.7485,450006.38,1032602.8285,-912,31,31,130.34,8.9745,-2238.3345,-1554,-9,-9,171.16,2.2455,-2898.9555,230,38,38,532.8,21.128,1678.732,-1199,10,10,54.34,1.415,-757.785
2015-05-26,0.5405369,3.33279415,467492.1715,457144.5,1026842.1115,-943,55,55,132.6,9.8175,2740.4425,-1545,7,7,172.11,1.12,3228.7,192,29,29,538.12,9.686,-1447.656,-1209,15,15,54.75,1.9875,883.8825
2015-05-22,0.0070857,2.79225725,472837.0825,466945.6,1027820.6125,-998,59,59,131.6,11.21,-1171.3,-1552,-8,-8,173.04,1.24,1734.6,163,31,31,540.15,15.283,-333.323,-1224,0,0,54.78,0.0,-159.12
2015-05-21,-0.0250316,2.78517155,485819.4855,472030.63,1029461.4355,-1057,68,68,130.07,12.376,-1418.866,-1544,20,20,173.32,3.98,653.3,132,36,36,537.95,21.51,453.69,-1224,5,5,54.69,0.64,61.56
2015-05-20,0.0249038,2.81020315,491340.1615,485264.95,1028375.0315,-1125,49,49,130.0,7.938,6.74199999999,-1564,0,0,173.33,0.0,-437.92,96,25,25,538.49,12.025,143.085,-1229,-19,-19,55.27,2.489,537.131
2015-05-19,-0.11093715,2.78529935,500172.5535,490251.04,1028576.1535,-1174,102,102,130.69,22.236,67.644,-1564,-7,-7,172.97,1.1165,-658.6265,71,38,38,533.98,15.143,280.277,-1210,-4,-4,54.79,0.546,-798.666
2015-05-18,-0.20087125,2.8962365,514481.145,499212.1,1031259.145,-1276,91,91,128.38,14.924,-1791.354,-1557,-1,-1,173.44,0.1905,311.3895,33,32,32,532.01,17.424,-9.694,-1206,6,6,54.19,0.774,-519.054
2015-05-15,0.18173875,3.09710775,515385.7975,513205.73,1029125.3775,-1367,45,45,129.07,8.5275,232.1325,-1556,-88,-88,173.91,13.992,1202.928,1,34,34,539.18,14.603,-45.673,-1212,-64,-64,54.59,7.68,428.0
2015-05-14,-0.7654873,2.915369,517782.55,514700.97,1032483.52,-1412,14,14,127.41,2.324,-4173.204,-1468,-96,-96,173.5,19.152,-2500.392,-33,53,53,533.77,20.299,-529.989,-1148,-92,-92,54.43,13.248,-451.288
2015-05-13,-0.3205657,3.6808563,521274.183,517187.66,1038461.843,-1426,-9,-9,126.15,1.827,-213.117,-1372,-103,-103,171.24,23.9475,-2326.4375,-86,56,56,530.56,27.86,-162.86,-1056,-111,-111,53.72,15.2625,-503.2425
2015-05-12,0.25138835,4.001422,519476.77,520608.5,1040085.27,-1417,-28,-28,125.6,5.516,626.144,-1269,-91,-91,170.55,18.7915,652.6685,-142,31,31,531.6,13.299,1059.521,-945,-100,-100,53.67,11.8,175.55
2015-05-11,0.40473635,3.75003365,514765.2865,519026.82,1033792.1065,-1389,-27,-27,127.39,4.7385,1794.7515,-1178,-101,-101,172.65,15.6045,1819.0455,-173,42,42,538.37,15.015,414.645,-845,-97,-97,53.92,13.6285,18.9215
2015-05-08,-0.74545905,3.3452973,520912.653,514229.69,1035142.343,-1362,-2,-2,126.68,0.406,-3211.886,-1077,-77,-77,172.94,19.019,-1688.999,-215,62,62,536.65,42.501,-2028.201,-748,-63,-63,53.55,9.5445,-525.5045
2015-05-07,-0.3631529,4.09075635,524799.2535,520486.58,1045285.8335,-1360,-86,-86,124.77,23.177,-383.817,-1000,-136,-136,169.63,48.892,-1046.012,-277,66,66,523.99,43.89,-1823.67,-685,-104,-104,52.59,18.46,-378.03
2015-05-06,0.61655865,4.45390925,513307.4725,523956.72,1037264.1925,-1274,-67,-67,126.56,15.6445,1041.7355,-864,-99,-99,172.9,21.1365,2578.9635,-343,24,24,531.24,13.62,2232.76,-581,-73,-73,53.56,11.1325,312.1275
2015-05-05,0.82652465,3.8373506,519801.326,512362.19,1032163.516,-1207,-23,-23,128.15,4.9565,3482.6935,-765,-64,-64,173.51,14.72,636.69,-367,38,38,538.21,20.919,3739.401,-508,-33,-33,53.99,4.158,406.462
2015-05-04,-0.12524845,3.01082595,510558.9395,519314.87,1029873.8095,-1184,-4,-4,129.5,1.366,296.834,-701,-83,-83,174.47,14.857,-158.757,-405,25,25,538.53,11.8,-1193.95,-475,-51,-51,53.85,6.4515,-196.6115
2015-05-01,-0.63439235,3.1360744,524733.324,510103.86,1034837.184,-1180,-4,-4,126.1,1.06,-4481.26,-618,-58,-58,173.2,17.342,-1377.402,-430,32,32,538.43,24.864,-300.544,-424,-11,-11,53.64,1.6775,-184.7175
2015-04-30,1.1359134,3.77046675,503262.6475,523906.53,1027169.1775,-1176,-53,-53,128.64,14.0185,4090.2215,-560,-83,-83,173.77,17.9695,1671.3405,-462,-4,-4,547.87,1.756,5417.284,-413,-8,-8,53.75,1.352,180.288
2015-04-29,0.38055625,2.63455335,522608.5135,502319.99,1024928.5035,-1123,-5,-5,130.16,1.7425,2152.4175,-477,-35,-35,173.4,11.6725,-258.8325,-458,35,35,550.47,13.3875,2205.7625,-405,26,26,52.65,3.705,-293.785
2015-04-28,0.16874445,2.2539971,497251.691,521971.43,1019223.121,-1118,-35,-35,134.46,6.965,2393.005,-442,-71,-71,170.83,11.3245,-1414.2045,-493,-19,-19,554.64,14.0125,805.2875,-431,-7,-7,52.67,0.9135,-96.6435
2015-04-27,0.15939925,2.08525265,521166.0865,496159.9,1017325.9865,-1083,73,73,132.31,12.41,-2727.31,-371,-17,-17,170.89,3.4935,-337.0735,-474,30,30,563.39,23.835,4619.325,-424,34,34,52.88,4.029,39.051
2015-04-24,-0.9864219,1.9258534,497443.694,520769.54,1018213.234,-1156,-37,-37,130.49,7.918,-682.738,-354,-58,-58,170.23,25.433,136.827,-504,18,18,566.1,11.457,-9457.497,-458,-39,-39,53.16,5.031,139.189
2015-04-23,-0.68139795,2.9122753,538269.763,497088.97,1035358.733,-1119,88,88,128.3,20.02,-1166.81,-296,-13,-13,165.23,3.3215,-1449.4915,-522,71,71,541.0,40.2215,-4144.7415,-419,-11,-11,53.01,1.6665,-52.9365
2015-04-22,-0.5850257,3.59367325,503229.9125,538126.66,1041356.5725,-1207,-125,-125,126.99,22.0625,-2076.0325,-283,-51,-51,164.39,13.5915,-318.2615,-593,-22,-22,534.4,8.481,-3195.291,-408,-64,-64,52.52,10.272,-260.672
2015-04-21,0.1973309,4.17869895,535355.8195,502403.05,1037758.8695,-1082,63,63,128.1,15.5925,699.4875,-232,-22,-22,166.07,7.414,431.406,-571,75,75,537.51,50.9625,594.3975,-344,-13,-13,53.35,1.612,248.018
2015-04-20,-1.16711225,3.98136805,514276.8605,534998.55,1049275.4105,-1145,-102,-102,125.57,18.768,-3198.378,-210,-25,-25,162.1,4.7875,-1121.9375,-646,-8,-8,525.6,4.332,-7311.112,-331,-46,-46,53.3,7.245,-39.695
2015-04-17,0.85793775,5.1484803,533976.193,513407.83,1047384.023,-1043,13,13,125.55,1.9435,1487.1765,-185,-22,-22,161.75,3.784,420.956,-638,40,40,528.66,15.96,6410.14,-285,-15,-15,53.51,1.995,261.105
2015-04-16,-0.03812835,4.29054255,511596.9155,533818.01,1045414.9255,-1056,-73,-73,126.28,11.388,596.272,-163,-28,-28,163.31,6.244,133.796,-678,-14,-14,529.9,9.457,-907.337,-270,-23,-23,53.98,3.0245,-204.0145
2015-04-15,-0.2226154,4.3286709,536118.609,510346.59,1046465.199,-983,23,23,126.41,3.887,-478.257,-135,-8,-8,162.63,1.58,-245.99,-664,34,34,528.7,19.516,-1383.016,-247,1,1,52.93,0.131,-118.891
2015-04-14,0.65351545,4.5512863,504835.063,535818.48,1040653.543,-1006,-72,-72,127.0,14.256,549.844,-127,-12,-12,162.42,2.184,8.456,-698,-41,-41,536.25,17.9375,5990.7825,-248,-24,-24,52.93,3.048,-13.928
2015-04-13,0.0711818,3.89777085,534037.7985,504061.02,1038098.8185,-934,82,82,128.37,16.195,113.165,-115,-2,-2,162.37,0.408,53.812,-657,36,36,538.41,12.564,596.916,-224,3,3,52.48,0.405,-52.075
2015-04-10,-0.01380285,3.82658905,504053.7105,533938.75,1037992.4605,-1016,-45,-45,125.95,8.82,-584.91,-113,-4,-4,162.34,0.75,-59.51,-693,-41,-41,542.29,17.343,578.177,-227,-21,-21,52.08,2.6355,-71.7855
2015-04-09,-0.05295685,3.8403919,535848.899,503233.59,1039082.489,-971,99,99,125.85,16.9785,-973.8885,-109,17,17,161.7,3.859,-54.719,-652,35,35,541.03,13.0725,548.3875,-206,3,3,51.73,0.3885,-49.3485
2015-04-08,-0.2736703,3.89334875,505245.0475,535702.31,1040947.3575,-1070,-40,-40,125.85,8.28,424.02,-126,-5,-5,161.72,1.055,24.915,-687,-48,-48,538.38,20.856,-3108.906,-209,-26,-26,51.67,3.302,-76.732
2015-04-07,0.1092825,4.16701905,534956.3405,504349.28,1039305.6205,-1030,107,107,127.64,27.713,1321.457,-121,15,15,161.67,4.575,-2.655,-639,41,41,538.08,22.222,-242.482,-183,5,5,51.83,0.745,16.505
2015-04-06,-0.35447015,4.05773655,512577.2955,534767.91,1047345.2055,-1137,-46,-46,124.47,7.751,-2354.961,-136,4,4,159.69,1.13,-214.33,-680,-43,-43,532.22,19.35,-998.08,-188,-27,-27,51.16,3.5505,22.6695
2015-04-02,0.3031831,4.4122067,529626.337,511582.46,1041208.797,-1091,64,64,125.03,12.864,-1230.154,-140,10,10,159.52,2.115,-183.315,-637,6,6,540.85,4.092,4484.278,-161,-4,-4,51.68,0.578,-38.978
2015-04-01,0.3891221,4.1090236,507413.426,529016.49,1036429.916,-1155,-39,-39,124.82,8.0535,215.0565,-150,-8,-8,160.23,1.572,194.268,-643,-33,-33,548.6,16.4835,3501.2365,-157,-13,-13,51.37,1.69,-19.34
2015-03-31,0.49812035,3.7199015,527610.295,506471.24,1034081.535,-1116,83,83,126.09,18.26,2170.02,-142,-4,-4,161.08,0.87,300.91,-610,23,23,550.0,8.395,2496.595,-144,-7,-7,51.26,0.9415,13.6785
2015-03-30,-0.63706325,3.22178115,508284.7715,527204.4,1035489.1715,-1199,-22,-22,124.05,4.169,-3727.449,-138,-16,-16,161.31,2.936,-301.636,-633,-28,-28,551.62,12.81,-2256.74,-137,-15,-15,51.33,2.0775,-84.8075
2015-03-27,0.530906,3.8588444,527026.094,507082.05,1034108.144,-1177,108,108,124.57,23.112,1106.478,-122,-2,-2,160.79,0.434,23.146,-605,13,13,553.0,6.6625,4153.6975,-122,-17,-17,51.49,2.5415,25.7385
2015-03-26,0.0834256,3.3279384,507019.454,526824.57,1033844.024,-1285,-53,-53,122.76,14.416,-1152.376,-120,-11,-11,159.27,3.234,-169.264,-618,-43,-43,557.59,33.368,2146.442,-105,-32,-32,51.19,4.416,9.454
2015-03-25,1.10716245,3.2445128,515841.248,505505.04,1021346.288,-1232,81,81,126.54,14.094,4075.976,-109,-19,-19,163.08,3.7905,411.9295,-575,14,14,570.5,10.766,6545.644,-73,-33,-33,51.98,4.125,38.075
2015-03-24,-0.5854446,2.13735035,509655.1235,515325.93,1024981.0535,-1313,33,33,127.23,5.4945,676.6055,-90,-25,-25,164.79,5.775,144.925,-589,-5,-5,562.56,2.1325,-6686.2025,-40,-44,-44,52.35,5.654,10.226
2015-03-23,-0.1074111,2.72279495,517339.2995,508974.69,1026523.9095,-1346,61,61,127.12,15.982,-1853.662,-65,-14,-14,162.77,3.255,-118.545,-584,0,0,560.43,0.0,905.2,4,-58,-58,53.03,8.004,-7.104
2015-03-20,0.0813182,2.83020605,504396.1205,516659.8,1024340.6805,-1407,11,11,128.25,2.1175,2240.8325,-51,-13,-13,160.95,2.6715,-144.4215,-584,-21,-21,561.65,6.993,-1314.213,62,-56,-56,52.44,9.576,30.984
2015-03-19,0.19858495,2.74888785,515178.8485,503572.67,1024932.3585,-1418,98,98,128.75,23.471,1324.549,-38,-6,-6,159.7,2.07,-2.73,-563,11,11,559.39,8.129,843.211,118,-73,-73,53.57,10.1105,-179.1805
2015-03-18,-0.72921915,2.5503029,506897.549,514686.2,1031844.269,-1516,36,36,127.0,6.606,-2173.046,-32,-18,-18,156.85,3.528,-96.708,-574,-15,-15,552.5,5.85,-4951.79,191,-85,-85,53.42,12.0275,-70.6475
2015-03-17,-0.135155,3.27952205,513239.4805,505989.49,1034088.8105,-1552,94,94,125.9,19.176,-3352.156,-14,-30,-30,156.2,6.435,-31.155,-559,2,2,551.71,1.285,2055.845,276,-107,-107,53.21,14.124,-24.084
2015-03-16,-0.6081537,3.41467705,501839.1705,512989.43,1037905.1505,-1646,60,60,123.88,14.46,-2270.42,16,-11,-11,155.05,3.366,49.904,-561,-39,-39,550.95,31.551,-3923.571,383,-100,-100,53.74,14.9,62.55
2015-03-13,0.52065375,4.02283075,504441.7075,501153.4,1035620.4875,-1706,154,154,124.4,40.579,1434.281,27,-49,-49,157.46,10.9025,-136.2825,-522,-23,-23,553.5,9.0965,4219.8535,483,-147,-147,53.9,24.0345,-311.3145
2015-03-12,-0.485532,3.502177,490225.2,503698.09,1040000.17,-1860,-16,-16,122.31,3.728,-4113.208,76,-33,-33,156.27,8.58,63.61,-499,-32,-32,553.51,15.136,-2101.246,630,-128,-128,54.0,20.736,1295.524
2015-03-11,0.67163005,3.987709,487352.61,489289.38,1033399.33,-1844,4,4,124.75,1.084,4183.836,109,-23,-23,158.57,5.083,-97.693,-467,-19,-19,555.14,11.514,1779.566,758,-71,-71,51.62,10.8985,850.5915
2015-03-10,0.8973925,3.31607895,475819.7995,486389.68,1025510.0695,-1848,-21,-21,126.41,6.8355,4838.0745,132,-36,-36,159.6,8.91,-441.75,-448,-23,-23,564.25,10.0395,6084.4805,829,-81,-81,52.07,9.72,-1506.88
2015-03-09,-0.1364148,2.41868645,473642.1945,474698.42,1023534.4745,-1827,48,48,127.96,12.264,-1064.124,168,-36,-36,158.2,9.684,360.876,-425,-22,-22,566.86,13.112,-528.402,910,-97,-97,52.88,14.938,-132.498
2015-03-06,0.1283297,2.55510125,461082.3525,472426.64,1019274.4125,-1875,118,118,128.4,29.441,-620.511,204,-89,-89,160.19,16.91,-651.74,-403,-48,-48,574.88,15.6,3045.75,1007,-218,-218,53.75,28.122,-490.202
2015-03-05,0.3953325,2.42677155,446824.1755,460392.04,1020052.9555,-1993,172,172,128.58,27.864,4210.346,293,-67,-67,159.86,12.864,532.296,-355,-64,-64,575.02,35.52,-625.72,1225,-317,-317,53.71,41.527,-163.597
2015-03-04,0.0780862,2.03143905,433472.4805,445915.67,1019538.4905,-2165,250,250,129.1,42.875,1797.425,360,-115,-115,160.54,21.5625,-657.5125,-291,-78,-78,571.87,42.393,-101.883,1542,-435,-435,53.48,55.8975,-257.1675
2015-03-03,-0.05302335,1.95335285,405521.2885,432944.25,1021178.9985,-2415,333,333,128.96,66.267,-675.027,475,-199,-199,160.27,40.596,178.864,-213,-125,-125,570.45,96.25,-697.4,1977,-683,-683,53.94,118.5005,663.3295
2015-03-02,-0.09955885,2.0063762,365622.802,404505.64,1020575.362,-2748,57,57,129.25,12.3405,-1788.6105,674,-214,-214,161.68,44.191,-1083.871,-88,-144,-144,560.53,99.432,-931.432,2660,-303,-303,52.43,40.905,2808.325
2015-02-27,0.60563935,2.10593505,321696.0705,364650.0,1016739.6505,-2805,-316,-316,130.0,98.908,5266.172,888,-37,-37,161.05,11.7845,945.0355,56,-165,-165,554.24,137.28,-178.36,2963,156,156,52.32,20.124,23.546
2015-02-26,-0.2641321,1.5002957,279870.797,320533.42,1019084.917,-2489,-368,-368,128.78,100.28,-4161.03,925,-51,-51,163.74,11.169,-1758.239,221,-134,-134,543.21,85.626,2391.744,2807,177,177,52.03,22.656,886.204
2015-02-25,0.8154985,1.7644278,243757.238,279038.76,1011769.108,-2121,-293,-293,131.56,64.8995,6925.3505,976,-54,-54,164.94,14.796,-1980.376,355,-96,-96,535.9,50.592,2693.068,2630,165,165,51.65,24.0075,516.9425
2015-02-24,0.6529273,0.9489293,225582.423,243014.32,1008081.733,-1828,-101,-101,132.94,26.967,1484.213,1030,-84,-84,162.49,16.38,1925.94,451,-76,-76,530.0,34.314,1705.706,2465,68,68,51.42,9.486,1413.414
2015-02-23,-1.18530125,0.296002,198749.59,224544.54,1008106.48,-1727,-188,-188,130.02,32.43,-5979.17,1114,-110,-110,164.23,23.375,-783.935,527,-83,-83,536.05,41.2925,-3992.0725,2397,66,66,51.53,11.715,-1097.835
2015-02-20,-0.2805765,1.48130325,168454.8925,197946.18,1016167.3525,-1539,-234,-234,128.62,31.59,-1607.76,1224,-70,-70,163.64,17.675,-328.935,610,-92,-92,543.13,32.66,-2399.94,2331,138,138,51.05,17.25,1530.87
2015-02-19,0.38919665,1.76187975,144638.6875,167666.4,1017579.6475,-1305,-177,-177,128.48,29.4705,280.3995,1294,-56,-56,162.05,10.724,2181.236,702,-64,-64,538.04,31.936,2087.164,2193,97,97,51.28,12.513,-656.833
2015-02-18,-0.23805435,1.3726831,130869.251,143955.36,1014967.631,-1128,-107,-107,127.62,21.186,-1047.576,1350,-59,-59,161.86,10.856,1702.744,766,-43,-43,541.4,23.4565,-2490.6165,2096,85,85,51.3,12.325,-545.095
2015-02-17,-0.40974565,1.61073745,116388.4345,130167.29,1016454.5145,-1021,-114,-114,127.49,20.691,-739.701,1409,-31,-31,159.75,6.448,762.442,809,-50,-50,546.83,21.95,-5122.48,2011,145,145,50.95,19.3575,1002.2825
2015-02-13,0.7954335,2.0204831,106465.681,115442.96,1020023.431,-907,-71,-71,127.28,13.8805,-518.0005,1440,-21,-21,158.78,3.5805,2709.0795,859,-36,-36,543.35,21.87,5215.97,1866,109,109,51.01,18.094,547.286
2015-02-12,0.7503555,1.2250496,100264.936,105386.16,1012584.896,-836,-23,-23,126.06,5.083,-1298.823,1461,-31,-31,158.72,6.076,477.564,895,-21,-21,537.25,7.4235,6248.6565,1757,125,125,49.94,17.3125,2076.1575
2015-02-11,-0.3341364,0.4746941,98589.681,99812.01,1006462.371,-813,-2,-2,122.77,0.399,-2324.079,1492,-26,-26,157.76,7.124,-565.044,916,-23,-23,535.3,14.697,-940.937,1632,164,164,49.15,23.944,488.696
2015-02-10,1.1157329,0.8088305,94745.525,97457.87,1009588.655,-811,-20,-20,120.17,3.41,-1859.71,1518,-15,-15,156.74,3.075,4277.355,939,-18,-18,529.3,7.182,8573.568,1468,104,104,50.0,15.964,166.116
2015-02-09,-0.51165445,-0.3069024,93062.896,93773.05,997856.446,-791,-23,-23,118.55,4.37,-638.0,1533,-3,-3,156.0,0.5775,-1489.7475,957,-19,-19,528.0,12.1505,-3102.8405,1364,137,137,48.86,19.7965,114.0435
2015-02-06,0.2893738,0.20475205,89762.3405,92175.36,1001210.4005,-768,-28,-28,120.02,4.172,773.748,1536,-7,-7,157.34,1.204,-1833.034,976,-20,-20,527.64,8.41,3330.71,1227,114,114,49.4,15.846,622.314
2015-02-05,0.60976845,-0.08462175,87129.9525,88814.8,999094.5825,-740,-12,-12,120.02,2.52,-278.2,1543,-31,-31,157.29,6.2155,1469.8645,996,-18,-18,523.79,12.06,4807.2,1113,120,120,48.74,16.2,98.82
2015-02-04,-1.0134375,-0.6943902,82364.898,86268.0,993827.778,-728,-40,-40,118.5,6.96,-675.44,1574,-26,-26,157.21,7.605,-2417.105,1014,-26,-26,529.24,15.782,-6586.502,993,128,128,48.57,18.368,-455.328
2015-02-03,0.77425395,0.3190473,75522.873,81528.0,1003293.673,-688,-58,-58,118.5,14.761,-36.061,1600,-40,-40,154.75,10.3,6089.3,1040,-28,-28,528.0,23.03,753.93,865,77,77,48.46,11.0495,935.3705
2015-02-02,-0.47775915,-0.45520665,65779.4335,74371.5,995813.3335,-630,-89,-89,118.05,22.9175,-869.8075,1640,32,32,154.0,6.72,2185.2,1068,-51,-51,531.73,67.1925,-6660.2025,788,101,101,47.2,14.2915,567.2185
2015-01-30,2.36256055,0.0225525,58595.275,64054.4,999554.685,-541,-48,-48,118.4,13.512,903.828,1608,-52,-52,153.91,20.956,-3591.956,1119,-9,-9,515.86,5.3505,26740.7895,687,87,87,47.09,12.876,-427.056
2015-01-29,0.57911625,-2.34000805,57832.8195,57345.76,977871.8595,-493,-16,-16,116.32,3.848,-1757.558,1660,-19,-19,151.38,4.731,6515.839,1128,3,3,511.0,2.2485,739.2315,600,95,95,47.07,16.15,293.65
2015-01-28,-1.73504095,-2.9191243,61609.147,56104.74,969706.887,-477,59,59,117.62,16.0775,-3459.4875,1679,-12,-12,154.0,2.7,-3558.22,1125,0,0,522.78,0.0,-9708.75,505,88,88,48.37,12.672,-623.952
2015-01-27,-2.125836,-1.18408335,62683.9765,60257.12,986401.0865,-536,8,8,112.42,1.424,2126.576,1691,16,16,154.94,4.552,-4530.622,1125,-4,-4,529.97,2.266,-18675.726,417,88,88,48.04,11.528,-178.588
2015-01-26,-0.45124205,0.94175265,64954.9065,61874.56,1009069.3665,-544,28,28,113.74,5.908,-92.468,1675,-13,-13,158.26,3.0615,848.7585,1129,-2,-2,538.53,1.117,-5355.417,329,118,118,48.48,18.644,86.706
2015-01-23,0.6557308,1.3929947,66032.477,64235.6,1014318.907,-572,10,10,112.3,2.375,-333.135,1688,15,15,155.03,4.47,811.17,1131,-10,-10,535.59,9.315,6291.045,211,102,102,49.49,19.482,-211.772
2015-01-22,2.26049955,0.7372639,69337.209,64171.32,1008618.119,-582,40,40,110.26,9.58,-1696.68,1673,71,71,151.94,19.2765,5512.2735,1141,-4,-4,521.48,3.016,18666.094,109,113,113,48.26,17.402,123.308
2015-01-21,0.4501125,-1.52323565,80381.9635,67956.38,985142.3235,-622,65,65,108.95,14.5275,-545.7375,1602,35,35,153.03,9.275,-7657.795,1145,30,30,507.25,12.72,12732.08,-4,101,101,47.37,14.3925,-27.4225
2015-01-20,-0.37154455,-1.97334815,90537.3485,79123.98,980795.4785,-687,57,57,107.84,12.483,-1993.443,1567,30,30,156.7,8.715,-293.245,1115,29,29,511.0,14.7755,-1415.1555,-105,96,96,47.98,14.832,-13.602
2015-01-16,1.1378323,-1.6018036,101075.034,89017.02,983391.114,-744,41,41,107.03,11.07,597.84,1537,28,28,153.82,6.734,3964.356,1086,27,27,500.01,13.392,6865.608,-201,74,74,46.7,12.321,-49.481
2015-01-15,0.1827398,-2.7396359,105670.851,99566.5,969879.091,-785,33,33,110.0,6.5835,2326.1165,1509,13,13,156.69,3.0875,-1870.7275,1059,24,24,505.57,14.676,846.804,-275,30,30,48.06,4.995,525.205
2015-01-14,0.41082765,-2.9223757,115820.603,104127.52,971425.373,-818,53,53,109.04,15.6085,390.4915,1496,10,10,154.86,3.145,-1494.605,1035,40,40,494.65,25.18,4890.17,-305,30,30,48.96,5.43,322.22
2015-01-13,0.30391655,-3.33320335,124654.2665,114026.63,965399.6565,-871,57,57,111.43,16.6155,-985.7455,1486,10,10,157.26,2.745,538.875,995,34,34,498.84,17.714,3380.276,-335,35,35,50.66,5.04,105.76
2015-01-12,-0.47499795,-3.6371199,132815.011,123296.2,960357.201,-928,51,51,112.6,12.852,2518.338,1476,-42,-42,159.0,10.689,-3956.229,961,41,41,494.94,24.8665,-3453.2565,-370,32,32,50.82,5.552,141.168
2015-01-09,-0.47534405,-3.16212195,137892.2105,131276.27,967173.8605,-979,67,67,112.67,18.2575,-187.9975,1518,-18,-18,158.42,4.941,1042.479,920,27,27,504.76,19.548,-6064.908,-402,26,26,52.17,3.354,456.986
2015-01-08,0.18433915,-2.6867779,147348.841,136412.14,975987.341,-1046,93,93,109.23,16.275,-4484.355,1536,-27,-27,156.24,6.9795,5201.4705,893,27,27,497.99,12.9465,1481.9635,-428,35,35,51.77,5.1275,-355.6875
2015-01-07,-0.47564035,-2.87111705,149512.1795,145949.93,971757.8595,-1139,20,20,107.2,4.8,-1720.71,1563,66,66,157.2,22.407,-1691.247,866,65,65,507.0,55.6725,-1128.0325,-463,-2,-2,51.51,0.424,-216.414
2015-01-06,-1.39973715,-2.3954767,191335.843,147765.34,974807.933,-1159,318,318,106.54,83.316,-187.126,1497,-372,-372,159.67,75.888,-5166.048,801,-166,-166,515.0,110.141,-9462.471,-461,111,111,52.68,20.1465,818.2735
2015-01-05,-0.99573955,-0.99573955,434.2745,190780.85,986251.6045,-1477,-1477,-1477,108.29,449.7465,2563.3335,1869,1869,1869,161.27,402.7695,-3692.2095,967,967,967,523.26,443.3695,-9523.4995,-572,-572,-572,53.91,82.94,694.98
2015-01-02,0.0,0.0,1000000.0,0.0,1000000.0,0,0,0,111.39,0.0,0.0,0,0,0,161.31,0.0,0.0,0,0,0,529.01,0.0,0.0,0,0,0,54.36,0.0,0.0
